patrol_date,booth_number,machine_name,machine_area,unit_index,in_meter,out_meter,theoretical_stock,prize_restock_count,prize_name,prize_cost,note,r_number,is_anomaly,anomaly_tag,anomaly_reason,source_row,sheet_name,file_name
2025-08-17,1,BUZZ①,,1,13739.0,1009.0,5,0,ジャグラーサウンドボタン,748.0,,,False,,,521,浜の町,★浜の町　クレーン売上表2026.xlsx
2025-08-17,2,BUZZ①,,1,15415.0,481.0,24,0,電ブルキュート,275.0,,,False,,,522,浜の町,★浜の町　クレーン売上表2026.xlsx
2025-08-17,3,BUZZ①,,1,13337.0,556.0,4,0,ＡＩモンスターラバー,110.0,,,False,,,523,浜の町,★浜の町　クレーン売上表2026.xlsx
2025-08-17,4,BUZZ①,,1,10481.0,1126.0,6,0,NICI,682.0,,,False,,,524,浜の町,★浜の町　クレーン売上表2026.xlsx
2025-09-01,1,BUZZ①,,1,13739.0,1015.0,5,5,サンリオKC,1015.0,,,False,,,447,浜の町,★浜の町　クレーン売上表2026.xlsx
2025-09-01,2,BUZZ①,,1,15415.0,492.0,21,0,電ブル,275.0,,,False,,,448,浜の町,★浜の町　クレーン売上表2026.xlsx
2025-09-01,3,BUZZ①,,1,13337.0,560.0,9,0,サンリオファン,1100.0,,,False,,,449,浜の町,★浜の町　クレーン売上表2026.xlsx
2025-09-01,4,BUZZ①,,1,10481.0,1137.0,4,8,Pro4,770.0,,,False,,,450,浜の町,★浜の町　クレーン売上表2026.xlsx
2025-09-05,1,BUZZ①,,1,14036.0,1018.0,7,1,サンリオトイカメラ,1015.0,,,False,,,451,浜の町,★浜の町　クレーン売上表2026.xlsx
2025-09-05,2,BUZZ①,,1,15710.0,493.0,15,16,電ブル,275.0,,,False,,,452,浜の町,★浜の町　クレーン売上表2026.xlsx
2025-09-05,3,BUZZ①,,1,14032.0,561.0,3,1,サンリオファン,1100.0,,,False,,,453,浜の町,★浜の町　クレーン売上表2026.xlsx
2025-09-05,4,BUZZ①,,1,10798.0,1140.0,9,4,サンリオヘアパッチンピン,660.0,,,False,,,454,浜の町,★浜の町　クレーン売上表2026.xlsx
2025-09-09,1,BUZZ①,,1,14095.0,1020.0,6,0,サンリオトイカメラ,1015.0,,,False,,,455,浜の町,★浜の町　クレーン売上表2026.xlsx
2025-09-09,2,BUZZ①,,1,15780.0,501.0,23,,電ブル,275.0,,,False,,,456,浜の町,★浜の町　クレーン売上表2026.xlsx
2025-09-09,3,BUZZ①,,1,14146.0,562.0,3,2,サンリオファン,1100.0,,,False,,,457,浜の町,★浜の町　クレーン売上表2026.xlsx
2025-09-09,4,BUZZ①,,1,10856.0,1145.0,8,4,サンリオヘアパッチンピン,660.0,,,False,,,458,浜の町,★浜の町　クレーン売上表2026.xlsx
2025-09-12,1,BUZZ①,,1,14112.0,1020.0,6,,サンリオトイカメラ,1015.0,,,False,,,459,浜の町,★浜の町　クレーン売上表2026.xlsx
2025-09-12,2,BUZZ①,,1,15818.0,507.0,16,,電ブル,275.0,,,False,,,460,浜の町,★浜の町　クレーン売上表2026.xlsx
2025-09-12,3,BUZZ①,,1,14186.0,562.0,4,1,サンリオファン,1100.0,,,False,,,461,浜の町,★浜の町　クレーン売上表2026.xlsx
2025-09-12,4,BUZZ①,,1,10880.0,1145.0,12,0,サンリオヘアパッチンピン,660.0,,,False,,,462,浜の町,★浜の町　クレーン売上表2026.xlsx
2025-09-12,5,BUZZ①,,1,413400.0,49806.0,65742,,,,,,True,possible_2nd_round,"booth=5 > 4 (machine=BUZZ①, area=None, tag=possible_2nd_round)",516,浜の町,★浜の町　クレーン売上表2026.xlsx
2025-09-16,1,BUZZ①,,1,14138.0,1023.0,3,3,サンリオトイカメラ,1015.0,,,False,,,373,浜の町,★浜の町　クレーン売上表2026.xlsx
2025-09-16,2,BUZZ①,,1,15850.0,510.0,13,15,電ブル,275.0,,,False,,,374,浜の町,★浜の町　クレーン売上表2026.xlsx
2025-09-16,3,BUZZ①,,1,14264.0,563.0,4,0,サンリオファン,1100.0,,,False,,,375,浜の町,★浜の町　クレーン売上表2026.xlsx
2025-09-16,4,BUZZ①,,1,10932.0,1147.0,10,0,サンリオヘアパッチンピン,660.0,,,False,,,376,浜の町,★浜の町　クレーン売上表2026.xlsx
2025-09-19,1,BUZZ①,,1,14154.0,1023.0,6,0,サンリオトイカメラ,1015.0,,,False,,,377,浜の町,★浜の町　クレーン売上表2026.xlsx
2025-09-19,2,BUZZ①,,1,15865.0,510.0,28,0,電ブル,275.0,,,False,,,378,浜の町,★浜の町　クレーン売上表2026.xlsx
2025-09-19,3,BUZZ①,,1,14302.0,563.0,4,0,サンリオファン,1100.0,,,False,,,379,浜の町,★浜の町　クレーン売上表2026.xlsx
2025-09-19,4,BUZZ①,,1,10958.0,1148.0,9,1,サンリオヘアパッチンピン,660.0,,,False,,,380,浜の町,★浜の町　クレーン売上表2026.xlsx
2025-09-22,1,BUZZ①,,1,14173.0,1026.0,3,,サンリオトイカメラ,1015.0,,,False,,,381,浜の町,★浜の町　クレーン売上表2026.xlsx
2025-09-22,2,BUZZ①,,1,16005.0,524.0,14,20,電ブル,275.0,,,False,,,382,浜の町,★浜の町　クレーン売上表2026.xlsx
2025-09-22,3,BUZZ①,,1,14370.0,563.0,4,0,サンリオファン,1100.0,,,False,,,383,浜の町,★浜の町　クレーン売上表2026.xlsx
2025-09-22,4,BUZZ①,,1,10960.0,1149.0,9,,サンリオヘアパッチンピン,660.0,サンリオフェイスポーチ20.7.9.20,,False,,,384,浜の町,★浜の町　クレーン売上表2026.xlsx
2025-09-29,1,BUZZ①,,1,14334.0,1033.0,3,12,液晶ミニカメラ,1075.0,22.3.10,,False,,,385,浜の町,★浜の町　クレーン売上表2026.xlsx
2025-09-29,2,BUZZ①,,1,16103.0,548.0,16,0,電ブル,275.0,22.6.10,,False,,,386,浜の町,★浜の町　クレーン売上表2026.xlsx
2025-09-29,3,BUZZ①,,1,14421.0,563.0,8,6,サンリオファン,1100.0,24.1.8ラブブキーホルダー,,False,,,387,浜の町,★浜の町　クレーン売上表2026.xlsx
2025-09-29,4,BUZZ①,,1,10997.0,1152.0,8,5,キティヒョウ柄マスコット,996.0,11.1.7,,False,,,388,浜の町,★浜の町　クレーン売上表2026.xlsx
2025-10-03,1,BUZZ①,,1,14368.0,1033.0,15,0,液晶ミニカメラ,1075.0,次回設定調整お願い！,,False,,,389,浜の町,★浜の町　クレーン売上表2026.xlsx
2025-10-03,2,BUZZ①,,1,16126.0,549.0,15,20,電ブル,275.0,,,False,,,390,浜の町,★浜の町　クレーン売上表2026.xlsx
2025-10-03,3,BUZZ①,,1,14478.0,565.0,13,0,ラブブキーホルダー,500.0,,,False,,,391,浜の町,★浜の町　クレーン売上表2026.xlsx
2025-10-03,4,BUZZ①,,1,11028.0,1152.0,13,0,キティヒョウ柄マスコット,996.0,次回設定調整お願い！,,False,,,392,浜の町,★浜の町　クレーン売上表2026.xlsx
2025-10-06,1,BUZZ①,,1,14385.0,1037.0,11,3,液晶ミニカメラ,1075.0,22.3.7.22,,False,,,393,浜の町,★浜の町　クレーン売上表2026.xlsx
2025-10-06,2,BUZZ①,,1,16234.0,554.0,30,10,電ブル,275.0,,,False,,,394,浜の町,★浜の町　クレーン売上表2026.xlsx
2025-10-06,3,BUZZ①,,1,14801.0,573.0,4,10,ラブブキーホルダー,500.0,,,False,,,395,浜の町,★浜の町　クレーン売上表2026.xlsx
2025-10-06,4,BUZZ①,,1,11056.0,1165.0,9,6,キティヒョウ柄マスコット,996.0,11.1.6.11,,False,,,396,浜の町,★浜の町　クレーン売上表2026.xlsx
2025-10-10,1,BUZZ①,,1,14452.0,1039.0,12,2,液晶ミニカメラ,1075.0,,,False,,,397,浜の町,★浜の町　クレーン売上表2026.xlsx
2025-10-10,2,BUZZ①,,1,16276.0,556.0,38,10,電ブル,275.0,,,False,,,398,浜の町,★浜の町　クレーン売上表2026.xlsx
2025-10-10,3,BUZZ①,,1,14884.0,575.0,11,10,ラブブキーホルダー,500.0,,,False,,,399,浜の町,★浜の町　クレーン売上表2026.xlsx
2025-10-10,4,BUZZ①,,1,11080.0,1166.0,15,0,キティヒョウ柄マスコット,996.0,他店補充用に回して入れ替え,,False,,,400,浜の町,★浜の町　クレーン売上表2026.xlsx
2025-10-14,1,BUZZ①,,1,14463.0,1039.0,14,0,液晶ミニカメラ,1075.0,,,False,,,401,浜の町,★浜の町　クレーン売上表2026.xlsx
2025-10-14,2,BUZZ①,,1,16276.0,556.0,48,0,電ブル,275.0,エラーコード5により稼働しておらず,,False,,,402,浜の町,★浜の町　クレーン売上表2026.xlsx
2025-10-14,3,BUZZ①,,1,15368.0,586.0,10,8,ラブブキーホルダー,500.0,,,False,,,403,浜の町,★浜の町　クレーン売上表2026.xlsx
2025-10-14,4,BUZZ①,,1,11123.0,1167.0,14,3,キティヒョウ柄マスコット,996.0,,,False,,,404,浜の町,★浜の町　クレーン売上表2026.xlsx
2025-10-18,1,BUZZ①,,1,14552.0,1042.0,12,,液晶ミニカメラ,1075.0,,,False,,,299,浜の町,★浜の町　クレーン売上表2026.xlsx
2025-10-18,1,BUZZ①,,1,14552.0,1042.0,12,,液晶ミニカメラ,1075.0,,,False,,,405,浜の町,★浜の町　クレーン売上表2026.xlsx
2025-10-18,2,BUZZ①,,1,16363.0,561.0,43,,電ブル,275.0,,,False,,,300,浜の町,★浜の町　クレーン売上表2026.xlsx
2025-10-18,2,BUZZ①,,1,16363.0,561.0,43,,電ブル,275.0,,,False,,,406,浜の町,★浜の町　クレーン売上表2026.xlsx
2025-10-18,3,BUZZ①,,1,15504.0,586.0,18,,ラブブキーホルダー,500.0,,,False,,,301,浜の町,★浜の町　クレーン売上表2026.xlsx
2025-10-18,3,BUZZ①,,1,15504.0,586.0,18,,ラブブキーホルダー,500.0,,,False,,,407,浜の町,★浜の町　クレーン売上表2026.xlsx
2025-10-18,4,BUZZ①,,1,11250.0,1170.0,14,,キティヒョウ柄マスコット,996.0,,,False,,,302,浜の町,★浜の町　クレーン売上表2026.xlsx
2025-10-18,4,BUZZ①,,1,11250.0,1170.0,14,,キティヒョウ柄マスコット,996.0,,,False,,,408,浜の町,★浜の町　クレーン売上表2026.xlsx
2025-10-18,5,BUZZ①,,1,896300.0,74144.0,81262,,,,,,True,possible_2nd_round,"booth=5 > 4 (machine=BUZZ①, area=None, tag=possible_2nd_round)",442,浜の町,★浜の町　クレーン売上表2026.xlsx
2025-10-20,1,BUZZ①,,1,14576.0,1044.0,12,0,液晶ミニカメラ,1075.0,,,False,,,303,浜の町,★浜の町　クレーン売上表2026.xlsx
2025-10-20,2,BUZZ①,,1,16404.0,561.0,43,0,電ブル,275.0,,,False,,,304,浜の町,★浜の町　クレーン売上表2026.xlsx
2025-10-20,3,BUZZ①,,1,15641.0,588.0,17,3,ラブブキーホルダー,500.0,,,False,,,305,浜の町,★浜の町　クレーン売上表2026.xlsx
2025-10-20,4,BUZZ①,,1,11283.0,1171.0,13,2,キティヒョウ柄マスコット,996.0,,,False,,,306,浜の町,★浜の町　クレーン売上表2026.xlsx
2025-10-24,1,BUZZ①,,1,14667.0,1046.0,10,4,液晶ミニカメラ,1075.0,,,False,,,307,浜の町,★浜の町　クレーン売上表2026.xlsx
2025-10-24,2,BUZZ①,,1,16474.0,562.0,42,0,電ブル,275.0,,,False,,,308,浜の町,★浜の町　クレーン売上表2026.xlsx
2025-10-24,3,BUZZ①,,1,15715.0,589.0,19,0,ラブブキーホルダー,500.0,,,False,,,309,浜の町,★浜の町　クレーン売上表2026.xlsx
2025-10-24,4,BUZZ①,,1,11378.0,1172.0,14,0,キティヒョウ柄マスコット,996.0,,,False,,,310,浜の町,★浜の町　クレーン売上表2026.xlsx
2025-10-27,1,BUZZ①,,1,14738.0,1048.0,12,0,液晶ミニカメラ,1075.0,,,False,,,311,浜の町,★浜の町　クレーン売上表2026.xlsx
2025-10-27,2,BUZZ①,,1,16554.0,563.0,41,0,電ブル,275.0,,,False,,,312,浜の町,★浜の町　クレーン売上表2026.xlsx
2025-10-27,3,BUZZ①,,1,15845.0,591.0,18,5,ラブブキーホルダー,500.0,,,False,,,313,浜の町,★浜の町　クレーン売上表2026.xlsx
2025-10-27,4,BUZZ①,,1,11457.0,1173.0,13,0,キティヒョウ柄マスコット,996.0,,,False,,,314,浜の町,★浜の町　クレーン売上表2026.xlsx
2025-11-01,1,BUZZ①,,1,14751.0,1048.0,12,88,液晶ミニカメラ,1075.0,アングリーベイビー23.9.9.23,,False,,,315,浜の町,★浜の町　クレーン売上表2026.xlsx
2025-11-01,2,BUZZ①,,1,16648.0,565.0,39,10,電ブル,275.0,,,False,,,316,浜の町,★浜の町　クレーン売上表2026.xlsx
2025-11-01,3,BUZZ①,,1,15947.0,593.0,21,0,ラブブキーホルダー,500.0,,,False,,,317,浜の町,★浜の町　クレーン売上表2026.xlsx
2025-11-01,4,BUZZ①,,1,11523.0,1174.0,12,3,キティヒョウ柄マスコット,996.0,,,False,,,318,浜の町,★浜の町　クレーン売上表2026.xlsx
2025-11-04,1,BUZZ①,,1,14817.0,1050.0,98,,アングリーベイビー,1075.0,23.8.9.23,,False,,,319,浜の町,★浜の町　クレーン売上表2026.xlsx
2025-11-04,2,BUZZ①,,1,16691.0,567.0,47,5,電ブル,275.0,,,False,,,320,浜の町,★浜の町　クレーン売上表2026.xlsx
2025-11-04,3,BUZZ①,,1,16038.0,594.0,20,,ラブブキーホルダー,500.0,,,False,,,321,浜の町,★浜の町　クレーン売上表2026.xlsx
2025-11-04,4,BUZZ①,,1,11551.0,1174.0,15,,キティヒョウ柄マスコット,996.0,,,False,,,322,浜の町,★浜の町　クレーン売上表2026.xlsx
2025-11-07,1,BUZZ①,,1,14865.0,1051.0,98,0,アングリーベイビー,1075.0,,,False,,,323,浜の町,★浜の町　クレーン売上表2026.xlsx
2025-11-07,2,BUZZ①,,1,16735.0,567.0,52,0,電ブル,275.0,,,False,,,324,浜の町,★浜の町　クレーン売上表2026.xlsx
2025-11-07,3,BUZZ①,,1,16112.0,595.0,19,5,ラブブキーホルダー,500.0,,,False,,,325,浜の町,★浜の町　クレーン売上表2026.xlsx
2025-11-07,4,BUZZ①,,1,11582.0,1174.0,15,0,キティヒョウ柄マスコット,996.0,,,False,,,326,浜の町,★浜の町　クレーン売上表2026.xlsx
2025-11-10,1,BUZZ①,,1,14947.0,1055.0,94,0,アングリーベイビー,1075.0,23.7.8.23,,False,,,327,浜の町,★浜の町　クレーン売上表2026.xlsx
2025-11-10,2,BUZZ①,,1,16748.0,567.0,52,0,電ブル,275.0,,,False,,,328,浜の町,★浜の町　クレーン売上表2026.xlsx
2025-11-10,3,BUZZ①,,1,16425.0,598.0,21,5,ラブブキーホルダー,500.0,,,False,,,329,浜の町,★浜の町　クレーン売上表2026.xlsx
2025-11-10,4,BUZZ①,,1,11639.0,1175.0,14,0,キティヒョウ柄マスコット,996.0,11.2.6.11,,False,,,330,浜の町,★浜の町　クレーン売上表2026.xlsx
2025-11-14,1,BUZZ①,,1,15014.0,1057.0,92,10,アングリーベイビー,1075.0,,,False,,,331,浜の町,★浜の町　クレーン売上表2026.xlsx
2025-11-14,2,BUZZ①,,1,16792.0,567.0,52,0,電ブル,275.0,,,False,,,332,浜の町,★浜の町　クレーン売上表2026.xlsx
2025-11-14,3,BUZZ①,,1,16482.0,599.0,25,0,ラブブキーホルダー,500.0,,,False,,,333,浜の町,★浜の町　クレーン売上表2026.xlsx
2025-11-14,4,BUZZ①,,1,11685.0,1175.0,14,0,キティヒョウ柄マスコット,996.0,,,False,,,334,浜の町,★浜の町　クレーン売上表2026.xlsx
2025-11-19,1,BUZZ①,,1,15060.0,1058.0,100,,アングリーベイビー,1075.0,,,False,,,335,浜の町,★浜の町　クレーン売上表2026.xlsx
2025-11-19,2,BUZZ①,,1,16863.0,570.0,49,,電ブル,275.0,,,False,,,336,浜の町,★浜の町　クレーン売上表2026.xlsx
2025-11-19,3,BUZZ①,,1,16582.0,600.0,24,,ラブブキーホルダー,500.0,,,False,,,337,浜の町,★浜の町　クレーン売上表2026.xlsx
2025-11-19,4,BUZZ①,,1,11768.0,1176.0,13,,キティヒョウ柄マスコット,996.0,,,False,,,338,浜の町,★浜の町　クレーン売上表2026.xlsx
2025-11-19,5,BUZZ①,,1,875333.3333333333,53973.0,180469,,,,,,True,possible_2nd_round,"booth=5 > 4 (machine=BUZZ①, area=None, tag=possible_2nd_round)",368,浜の町,★浜の町　クレーン売上表2026.xlsx
2026-02-18,1,BUZZ①,,1,15499.0,,0,,,,,,False,,,225,浜の町,★浜の町　クレーン売上表2026.xlsx
2026-02-18,2,BUZZ①,,1,18827.0,,50,,電ブル,275.0,,,False,,,226,浜の町,★浜の町　クレーン売上表2026.xlsx
2026-02-18,3,BUZZ①,,1,17946.0,,20,,ギャルキティマスコット,638.0,,,False,,,227,浜の町,★浜の町　クレーン売上表2026.xlsx
2026-02-18,4,BUZZ①,,1,12341.0,,20,,バタースクイーズ,1100.0,,,False,,,228,浜の町,★浜の町　クレーン売上表2026.xlsx
2026-03-03,1,BUZZ①,,1,15499.0,1102.0,0,,0,0.0,,,False,,,229,浜の町,★浜の町　クレーン売上表2026.xlsx
2026-03-03,2,BUZZ①,,1,18940.0,624.0,40,,電ブル,275.0,,,False,,,230,浜の町,★浜の町　クレーン売上表2026.xlsx
2026-03-03,3,BUZZ①,,1,18023.0,618.0,10,,ギャルキティマスコット,638.0,,,False,,,231,浜の町,★浜の町　クレーン売上表2026.xlsx
2026-03-03,4,BUZZ①,,1,12362.0,1221.0,12,,バタースクイーズ,1100.0,,,False,,,232,浜の町,★浜の町　クレーン売上表2026.xlsx
2026-03-06,1,BUZZ①,,1,15500.0,1102.0,0,10,0,0.0,サンリオウィンターマスコット,,False,,,233,浜の町,★浜の町　クレーン売上表2026.xlsx
2026-03-06,2,BUZZ①,,1,18996.0,625.0,39,,電ブル,275.0,,,False,,,234,浜の町,★浜の町　クレーン売上表2026.xlsx
2026-03-06,3,BUZZ①,,1,18064.0,619.0,9,,ギャルキティマスコット,638.0,,,False,,,235,浜の町,★浜の町　クレーン売上表2026.xlsx
2026-03-06,4,BUZZ①,,1,12433.0,1223.0,10,3,バタースクイーズ,1100.0,,,False,,,236,浜の町,★浜の町　クレーン売上表2026.xlsx
2026-03-09,1,BUZZ①,,1,15514.0,1113.0,4,0,サンリオマスコット,660.0,,,False,,,237,浜の町,★浜の町　クレーン売上表2026.xlsx
2026-03-09,2,BUZZ①,,1,19057.0,627.0,37,0,電ブル,275.0,,,False,,,238,浜の町,★浜の町　クレーン売上表2026.xlsx
2026-03-09,3,BUZZ①,,1,18131.0,620.0,8,10,ギャルキティマスコット,638.0,,,False,,,239,浜の町,★浜の町　クレーン売上表2026.xlsx
2026-03-09,4,BUZZ①,,1,12540.0,1223.0,13,0,バタースクイーズ,1100.0,,,False,,,240,浜の町,★浜の町　クレーン売上表2026.xlsx
2026-03-10,1,BUZZ①,,1,15518.0,1114.0,3,8,サンリオマスコット,660.0,,,False,,,241,浜の町,★浜の町　クレーン売上表2026.xlsx
2026-03-10,2,BUZZ①,,1,19066.0,627.0,37,0,電ブル,275.0,,,False,,,242,浜の町,★浜の町　クレーン売上表2026.xlsx
2026-03-10,3,BUZZ①,,1,18138.0,621.0,17,1,ギャルキティマスコット,638.0,,,False,,,243,浜の町,★浜の町　クレーン売上表2026.xlsx
2026-03-10,4,BUZZ①,,1,12548.0,1224.0,12,4,バタースクイーズ,1100.0,,,False,,,244,浜の町,★浜の町　クレーン売上表2026.xlsx
2026-03-13,1,BUZZ①,,1,15521.0,1117.0,0,7,サンリオマスコット,660.0,キティヘアパッチン9.4.6,,False,,,245,浜の町,★浜の町　クレーン売上表2026.xlsx
2026-03-13,2,BUZZ①,,1,19136.0,630.0,34,1,電ブル,275.0,,,False,,,246,浜の町,★浜の町　クレーン売上表2026.xlsx
2026-03-13,3,BUZZ①,,1,18155.0,621.0,17,0,ギャルキティマスコット,638.0,,,False,,,247,浜の町,★浜の町　クレーン売上表2026.xlsx
2026-03-13,4,BUZZ①,,1,12589.0,1226.0,10,0,バタースクイーズ,1100.0,,,False,,,248,浜の町,★浜の町　クレーン売上表2026.xlsx
2026-03-16,1,BUZZ①,,1,15526.0,1117.0,7,0,キティヘアパッチン,660.0,,,False,,,249,浜の町,★浜の町　クレーン売上表2026.xlsx
2026-03-16,2,BUZZ①,,1,19203.0,632.0,33,0,電ブル,275.0,,,False,,,250,浜の町,★浜の町　クレーン売上表2026.xlsx
2026-03-16,3,BUZZ①,,1,18162.0,622.0,16,0,ギャルキティマスコット,638.0,14.6.7速度2.アーム変えた,,False,,,251,浜の町,★浜の町　クレーン売上表2026.xlsx
2026-03-16,4,BUZZ①,,1,12719.0,1227.0,9,0,バタースクイーズ,1100.0,,,False,,,252,浜の町,★浜の町　クレーン売上表2026.xlsx
2026-03-17,1,BUZZ①,,1,15526.0,1117.0,7,,キティヘアパッチン,660.0,,,False,,,151,浜の町,★浜の町　クレーン売上表2026.xlsx
2026-03-17,1,BUZZ①,,1,15526.0,1117.0,7,,キティヘアパッチン,660.0,,,False,,,253,浜の町,★浜の町　クレーン売上表2026.xlsx
2026-03-17,2,BUZZ①,,1,19217.0,632.0,33,,電ブル,275.0,,,False,,,152,浜の町,★浜の町　クレーン売上表2026.xlsx
2026-03-17,2,BUZZ①,,1,19217.0,632.0,33,,電ブル,275.0,,,False,,,254,浜の町,★浜の町　クレーン売上表2026.xlsx
2026-03-17,3,BUZZ①,,1,18163.0,622.0,16,,ギャルキティマスコット,638.0,,,False,,,153,浜の町,★浜の町　クレーン売上表2026.xlsx
2026-03-17,3,BUZZ①,,1,18163.0,622.0,16,,ギャルキティマスコット,638.0,,,False,,,255,浜の町,★浜の町　クレーン売上表2026.xlsx
2026-03-17,4,BUZZ①,,1,12744.0,1227.0,9,,バタースクイーズ,1100.0,,,False,,,154,浜の町,★浜の町　クレーン売上表2026.xlsx
2026-03-17,4,BUZZ①,,1,12744.0,1227.0,9,,バタースクイーズ,1100.0,,,False,,,256,浜の町,★浜の町　クレーン売上表2026.xlsx
2026-03-17,5,BUZZ①,,1,15526.0,1117.0,7,3,キティヘアパッチン,660.0,キティダブルミラー19.9.10,,True,possible_2nd_round,"booth=5 > 4 (machine=BUZZ①, area=None, tag=possible_2nd_round)",155,浜の町,★浜の町　クレーン売上表2026.xlsx
2026-03-17,6,BUZZ①,,1,19270.0,633.0,32,0,電ブル,275.0,,,True,possible_2nd_round,"booth=6 > 4 (machine=BUZZ①, area=None, tag=possible_2nd_round)",156,浜の町,★浜の町　クレーン売上表2026.xlsx
2026-03-17,7,BUZZ①,,1,18167.0,623.0,14,-7,ギャルキティマスコット,638.0,サンリオヘアバンド20.8.10,,True,possible_2nd_round,"booth=7 > 4 (machine=BUZZ①, area=None, tag=possible_2nd_round)",157,浜の町,★浜の町　クレーン売上表2026.xlsx
2026-03-17,8,BUZZ①,,1,12863.0,1234.0,4,4,バタースクイーズ,1100.0,,,True,possible_2nd_round,"booth=8 > 4 (machine=BUZZ①, area=None, tag=possible_2nd_round)",158,浜の町,★浜の町　クレーン売上表2026.xlsx
2026-03-23,1,BUZZ①,,1,15562.0,1117.0,10,0,キティダブルミラー,660.0,,,False,,,159,浜の町,★浜の町　クレーン売上表2026.xlsx
2026-03-23,2,BUZZ①,,1,19354.0,634.0,31,0,電ブル,275.0,,,False,,,160,浜の町,★浜の町　クレーン売上表2026.xlsx
2026-03-23,3,BUZZ①,,1,18186.0,625.0,5,2,サンリオヘアバンド,638.0,19.8.9,,False,,,161,浜の町,★浜の町　クレーン売上表2026.xlsx
2026-03-23,4,BUZZ①,,1,12998.0,1236.0,6,2,バタースクイーズ,1100.0,,,False,,,162,浜の町,★浜の町　クレーン売上表2026.xlsx
2026-03-27,1,BUZZ①,,1,15578.0,1117.0,10,0,キティダブルミラー,660.0,,,False,,,163,浜の町,★浜の町　クレーン売上表2026.xlsx
2026-03-27,2,BUZZ①,,1,19413.0,635.0,30,0,電ブル,275.0,,,False,,,164,浜の町,★浜の町　クレーン売上表2026.xlsx
2026-03-27,3,BUZZ①,,1,18209.0,625.0,6,1,サンリオヘアバンド,638.0,,,False,,,165,浜の町,★浜の町　クレーン売上表2026.xlsx
2026-03-27,4,BUZZ①,,1,13062.0,1236.0,8,0,バタースクイーズ,1100.0,,,False,,,166,浜の町,★浜の町　クレーン売上表2026.xlsx
2026-03-30,1,BUZZ①,,1,15583.0,1117.0,10,-4,キティダブルミラー,660.0,キティバンスクリップビッグ19.9.10,,False,,,167,浜の町,★浜の町　クレーン売上表2026.xlsx
2026-03-30,2,BUZZ①,,1,19444.0,635.0,30,0,電ブル,275.0,,,False,,,168,浜の町,★浜の町　クレーン売上表2026.xlsx
2026-03-30,3,BUZZ①,,1,18237.0,625.0,7,0,サンリオヘアバンド,638.0,,,False,,,169,浜の町,★浜の町　クレーン売上表2026.xlsx
2026-03-30,4,BUZZ①,,1,13162.0,1238.0,6,3,バタースクイーズ,1100.0,,,False,,,170,浜の町,★浜の町　クレーン売上表2026.xlsx
2026-04-03,1,BUZZ①,,1,15603.0,1118.0,4,2,キティバンスクリップビッグ,660.0,,,False,,,171,浜の町,★浜の町　クレーン売上表2026.xlsx
2026-04-03,2,BUZZ①,,1,19483.0,636.0,29,5,電ブル,275.0,,,False,,,172,浜の町,★浜の町　クレーン売上表2026.xlsx
2026-04-03,3,BUZZ①,,1,18298.0,626.0,6,2,サンリオヘアバンド,638.0,,,False,,,173,浜の町,★浜の町　クレーン売上表2026.xlsx
2026-04-03,4,BUZZ①,,1,13270.0,1241.0,6,5,バタースクイーズ,1100.0,,,False,,,174,浜の町,★浜の町　クレーン売上表2026.xlsx
2026-04-06,1,BUZZ①,,1,15620.0,1118.0,5,4,キティバンスクリップビッグ,660.0,モンチッチマスコット16.5.7,,False,,,175,浜の町,★浜の町　クレーン売上表2026.xlsx
2026-04-06,2,BUZZ①,,1,19534.0,637.0,33,0,電ブル,275.0,,,False,,,176,浜の町,★浜の町　クレーン売上表2026.xlsx
2026-04-06,3,BUZZ①,,1,18310.0,627.0,7,2,サンリオヘアバンド,638.0,,,False,,,177,浜の町,★浜の町　クレーン売上表2026.xlsx
2026-04-06,4,BUZZ①,,1,13309.0,1241.0,11,0,バタースクイーズ,1100.0,,,False,,,178,浜の町,★浜の町　クレーン売上表2026.xlsx
2026-04-10,1,BUZZ①,,1,15640.0,1123.0,3,5,モンチッチマスコット,572.0,15.5.6アームも小さいのに替えた,,False,,,179,浜の町,★浜の町　クレーン売上表2026.xlsx
2026-04-10,2,BUZZ①,,1,19631.0,638.0,32,0,電ブル,275.0,,,False,,,180,浜の町,★浜の町　クレーン売上表2026.xlsx
2026-04-10,3,BUZZ①,,1,18322.0,627.0,9,-2,サンリオヘアバンド,638.0,キティ着物マスコット15.6.8,,False,,,181,浜の町,★浜の町　クレーン売上表2026.xlsx
2026-04-10,4,BUZZ①,,1,13348.0,1241.0,11,0,バタースクイーズ,1100.0,,,False,,,182,浜の町,★浜の町　クレーン売上表2026.xlsx
2026-04-13,1,BUZZ①,,1,15649.0,1123.0,7,0,モンチッチマスコット,572.0,,,False,,,183,浜の町,★浜の町　クレーン売上表2026.xlsx
2026-04-13,2,BUZZ①,,1,19673.0,638.0,32,5,電ブル,275.0,,,False,,,184,浜の町,★浜の町　クレーン売上表2026.xlsx
2026-04-13,3,BUZZ①,,1,18345.0,628.0,6,1,キティ着物マスコット,1100.0,アーム変えた15.5.7,,False,,,185,浜の町,★浜の町　クレーン売上表2026.xlsx
2026-04-13,4,BUZZ①,,1,13404.0,1243.0,9,5,バタースクイーズ,1100.0,,,False,,,186,浜の町,★浜の町　クレーン売上表2026.xlsx
2026-04-18,1,BUZZ①,,1,15679.0,1123.0,7,0,モンチッチマスコット,572.0,,,False,,,187,浜の町,★浜の町　クレーン売上表2026.xlsx
2026-04-18,2,BUZZ①,,1,19754.0,640.0,35,0,電ブル,275.0,,,False,,,188,浜の町,★浜の町　クレーン売上表2026.xlsx
2026-04-18,3,BUZZ①,,1,18348.0,628.0,7,0,キティ着物マスコット,1100.0,,,False,,,189,浜の町,★浜の町　クレーン売上表2026.xlsx
2026-04-18,4,BUZZ①,,1,13449.0,1243.0,14,0,バタースクイーズ,1100.0,,,False,,,190,浜の町,★浜の町　クレーン売上表2026.xlsx
2026-04-20,1,BUZZ①,,1,15729.0,1124.0,6,0,モンチッチマスコット,572.0,,,False,,,77,浜の町,★浜の町　クレーン売上表2026.xlsx
2026-04-20,2,BUZZ①,,1,19797.0,641.0,34,0,電ブル,275.0,,,False,,,78,浜の町,★浜の町　クレーン売上表2026.xlsx
2026-04-20,3,BUZZ①,,1,18349.0,628.0,7,2,キティ着物マスコット,1100.0,カラビナ付きぬいぐるみファスナーマスコット20.7.9,,False,,,79,浜の町,★浜の町　クレーン売上表2026.xlsx
2026-04-20,4,BUZZ①,,1,13595.0,1246.0,12,3,バタースクイーズ,250.0,,,False,,,80,浜の町,★浜の町　クレーン売上表2026.xlsx
2026-04-24,1,BUZZ①,,1,15756.0,1124.0,6,0,モンチッチマスコット,572.0,,,False,,,81,浜の町,★浜の町　クレーン売上表2026.xlsx
2026-04-24,2,BUZZ①,,1,19867.0,642.0,33,5,電ブル,275.0,,,False,,,82,浜の町,★浜の町　クレーン売上表2026.xlsx
2026-04-24,3,BUZZ①,,1,18376.0,628.0,9,0,カラビナ付きぬいぐるみファスナーマスコット,,,,False,,,83,浜の町,★浜の町　クレーン売上表2026.xlsx
2026-04-24,4,BUZZ①,,1,13639.0,1247.0,14,1,バタースクイーズ,250.0,,,False,,,84,浜の町,★浜の町　クレーン売上表2026.xlsx
2026-04-27,1,BUZZ①,,1,15768.0,1124.0,7,0,モンチッチマスコット,572.0,,,False,,,85,浜の町,★浜の町　クレーン売上表2026.xlsx
2026-04-27,2,BUZZ①,,1,19908.0,644.0,36,0,電ブル,275.0,,,False,,,86,浜の町,★浜の町　クレーン売上表2026.xlsx
2026-04-27,3,BUZZ①,,1,18404.0,629.0,8,1,カラビナ付きぬいぐるみファスナーマスコット,0.0,,,False,,,87,浜の町,★浜の町　クレーン売上表2026.xlsx
2026-04-27,4,BUZZ①,,1,13798.0,1247.0,15,0,バタースクイーズ,250.0,,,False,,,88,浜の町,★浜の町　クレーン売上表2026.xlsx
2026-05-01,1,BUZZ①,,1,15836.0,1125.0,5,8,モンチッチマスコット,572.0,,,False,,,89,浜の町,★浜の町　クレーン売上表2026.xlsx
2026-05-01,2,BUZZ①,,1,19986.0,647.0,33,0,電ブル,275.0,,,False,,,90,浜の町,★浜の町　クレーン売上表2026.xlsx
2026-05-01,3,BUZZ①,,1,18446.0,629.0,9,0,カラビナ付きぬいぐるみファスナーマスコット,0.0,,,False,,,91,浜の町,★浜の町　クレーン売上表2026.xlsx
2026-05-01,4,BUZZ①,,1,13861.0,1247.0,15,0,バタースクイーズ,250.0,,,False,,,92,浜の町,★浜の町　クレーン売上表2026.xlsx
2026-05-04,1,BUZZ①,,1,15862.0,1126.0,12,1,モンチッチマスコット,572.0,,,False,,,93,浜の町,★浜の町　クレーン売上表2026.xlsx
2026-05-04,2,BUZZ①,,1,20041.0,648.0,32,5,電ブル,275.0,,,False,,,94,浜の町,★浜の町　クレーン売上表2026.xlsx
2026-05-04,3,BUZZ①,,1,18475.0,630.0,8,1,カラビナ付きぬいぐるみファスナーマスコット,0.0,,,False,,,95,浜の町,★浜の町　クレーン売上表2026.xlsx
2026-05-04,4,BUZZ①,,1,13910.0,1247.0,15,0,バタースクイーズ,250.0,,,False,,,96,浜の町,★浜の町　クレーン売上表2026.xlsx
2026-05-08,1,BUZZ①,,1,16037.0,1129.0,12,,モンチッチマスコット,572.0,,,False,,,97,浜の町,★浜の町　クレーン売上表2026.xlsx
2026-05-08,2,BUZZ①,,1,20129.0,652.0,33,,電ブル,275.0,,,False,,,98,浜の町,★浜の町　クレーン売上表2026.xlsx
2026-05-08,3,BUZZ①,,1,18526.0,630.0,9,,カラビナ付きぬいぐるみファスナーマスコット,0.0,,,False,,,99,浜の町,★浜の町　クレーン売上表2026.xlsx
2026-05-08,4,BUZZ①,,1,13971.0,1247.0,15,,バタースクイーズ,250.0,,,False,,,100,浜の町,★浜の町　クレーン売上表2026.xlsx
2026-05-11,1,BUZZ①,,1,16056.0,1130.0,11,,モンチッチマスコット,572.0,20.7.8,,False,,,101,浜の町,★浜の町　クレーン売上表2026.xlsx
2026-05-11,2,BUZZ①,,1,20160.0,654.0,31,,電ブル,275.0,21.7.8,,False,,,102,浜の町,★浜の町　クレーン売上表2026.xlsx
2026-05-11,3,BUZZ①,,1,18551.0,630.0,9,-6,カラビナ付きぬいぐるみファスナーマスコット,0.0,たまごっちカスタムキーリング21.7.7,,False,,,103,浜の町,★浜の町　クレーン売上表2026.xlsx
2026-05-11,4,BUZZ①,,1,13990.0,1247.0,15,,バタースクイーズ,250.0,19.9.10,,False,,,104,浜の町,★浜の町　クレーン売上表2026.xlsx
2026-05-15,1,BUZZ①,,1,62.0,995.0,7,0,モンチッチマスコット,572.0,,,False,,,105,浜の町,★浜の町　クレーン売上表2026.xlsx
2026-05-15,2,BUZZ①,,1,63.0,0.0,31,10,電ブル,275.0,,,False,,,106,浜の町,★浜の町　クレーン売上表2026.xlsx
2026-05-15,3,BUZZ①,,1,120.0,1.0,1,2,たまごっちカスタムキーリング,0.0,,,False,,,107,浜の町,★浜の町　クレーン売上表2026.xlsx
2026-05-15,4,BUZZ①,,1,33.0,0.0,15,0,バタースクイーズ,250.0,,,False,,,108,浜の町,★浜の町　クレーン売上表2026.xlsx
2026-05-18,1,BUZZ①,,1,91.0,996.0,6,0,モンチッチマスコット,572.0,,,False,,,3,浜の町,★浜の町　クレーン売上表2026.xlsx
2026-05-18,2,BUZZ①,,1,105.0,0.0,41,0,電ブル,275.0,,,False,,,4,浜の町,★浜の町　クレーン売上表2026.xlsx
2026-05-18,3,BUZZ①,,1,222.0,2.0,2,1,たまごっちカスタムキーリング,0.0,,,False,,,5,浜の町,★浜の町　クレーン売上表2026.xlsx
2026-05-18,4,BUZZ①,,1,96.0,1.0,14,0,バタースクイーズ,250.0,,,False,,,6,浜の町,★浜の町　クレーン売上表2026.xlsx
2026-05-22,1,BUZZ①,,1,121.0,998.0,4,0,モンチッチマスコット,572.0,20.7.7,,False,,,7,浜の町,★浜の町　クレーン売上表2026.xlsx
2026-05-22,2,BUZZ①,,1,250.0,2.0,39,10,電ブル,275.0,,,False,,,8,浜の町,★浜の町　クレーン売上表2026.xlsx
2026-05-22,3,BUZZ①,,1,404.0,8.0,0,3,たまごっちカスタムキーリング,0.0,,,False,,,9,浜の町,★浜の町　クレーン売上表2026.xlsx
2026-05-22,4,BUZZ①,,1,135.0,3.0,12,,バタースクイーズ,250.0,,,False,,,10,浜の町,★浜の町　クレーン売上表2026.xlsx
2026-05-25,1,BUZZ①,,1,129.0,998.0,4,0,モンチッチマスコット,572.0,,,False,,,11,浜の町,★浜の町　クレーン売上表2026.xlsx
2026-05-25,2,BUZZ①,,1,308.0,4.0,47,15,電ブル,275.0,,,False,,,12,浜の町,★浜の町　クレーン売上表2026.xlsx
2026-05-25,3,BUZZ①,,1,474.0,11.0,0,7,たまごっちカスタムキーリング,0.0,上部停止長くした,,False,,,13,浜の町,★浜の町　クレーン売上表2026.xlsx
2026-05-25,4,BUZZ①,,1,196.0,4.0,11,5,バタースクイーズ,250.0,,,False,,,14,浜の町,★浜の町　クレーン売上表2026.xlsx
2025-08-17,1,BUZZ②,,1,12860.0,1360.0,4,0,サンリオフェイスポーチ,957.0,,,False,,,521,浜の町,★浜の町　クレーン売上表2026.xlsx
2025-08-17,2,BUZZ②,,1,12512.0,465.0,3,0,サンリオファン,1100.0,,,False,,,522,浜の町,★浜の町　クレーン売上表2026.xlsx
2025-08-17,3,BUZZ②,,1,11667.0,827.0,7,0,サンリオスマートキーケース,726.0,,,False,,,523,浜の町,★浜の町　クレーン売上表2026.xlsx
2025-08-17,4,BUZZ②,,1,10171.0,999.0,9,0,デジタルミニカメラ,1045.0,,,False,,,524,浜の町,★浜の町　クレーン売上表2026.xlsx
2025-09-01,1,BUZZ②,,1,12860.0,1365.0,15,0,香水coach,1100.0,,,False,,,447,浜の町,★浜の町　クレーン売上表2026.xlsx
2025-09-01,2,BUZZ②,,1,12512.0,471.0,5,1,ギャルキティサンダルサンダル,660.0,,,False,,,448,浜の町,★浜の町　クレーン売上表2026.xlsx
2025-09-01,3,BUZZ②,,1,11667.0,831.0,47,31,AIラバー,198.0,,,False,,,449,浜の町,★浜の町　クレーン売上表2026.xlsx
2025-09-01,4,BUZZ②,,1,10171.0,1019.0,10,0,AIマスコット,286.0,,,False,,,450,浜の町,★浜の町　クレーン売上表2026.xlsx
2025-09-05,1,BUZZ②,,1,13130.0,1365.0,15,-3,香水coach,1100.0,,,False,,,451,浜の町,★浜の町　クレーン売上表2026.xlsx
2025-09-05,2,BUZZ②,,1,12826.0,471.0,6,0,サンリオミニリュックチャーム付,600.0,,,False,,,452,浜の町,★浜の町　クレーン売上表2026.xlsx
2025-09-05,3,BUZZ②,,1,12089.0,831.0,78,0,AIラバー,198.0,,,False,,,453,浜の町,★浜の町　クレーン売上表2026.xlsx
2025-09-05,4,BUZZ②,,1,10454.0,1021.0,7,3,AIマスコット,286.0,,,False,,,454,浜の町,★浜の町　クレーン売上表2026.xlsx
2025-09-09,1,BUZZ②,,1,13193.0,1366.0,11,,香水coach,1100.0,,,False,,,455,浜の町,★浜の町　クレーン売上表2026.xlsx
2025-09-09,2,BUZZ②,,1,12889.0,472.0,5,,サンリオミニリュックチャーム付,600.0,,,False,,,456,浜の町,★浜の町　クレーン売上表2026.xlsx
2025-09-09,3,BUZZ②,,1,12188.0,833.0,76,,AIラバー,198.0,,,False,,,457,浜の町,★浜の町　クレーン売上表2026.xlsx
2025-09-09,4,BUZZ②,,1,10525.0,1022.0,9,,AIマスコット,286.0,,,False,,,458,浜の町,★浜の町　クレーン売上表2026.xlsx
2025-09-12,1,BUZZ②,,1,13203.0,1366.0,11,5,香水coach,1100.0,,,False,,,459,浜の町,★浜の町　クレーン売上表2026.xlsx
2025-09-12,2,BUZZ②,,1,12957.0,473.0,7,2,サンリオミニリュックチャーム付,600.0,,,False,,,460,浜の町,★浜の町　クレーン売上表2026.xlsx
2025-09-12,3,BUZZ②,,1,12372.0,838.0,70,15,AIラバー,198.0,,,False,,,461,浜の町,★浜の町　クレーン売上表2026.xlsx
2025-09-12,4,BUZZ②,,1,10580.0,1024.0,6,1,AIマスコット,286.0,,,False,,,462,浜の町,★浜の町　クレーン売上表2026.xlsx
2025-09-16,1,BUZZ②,,1,13235.0,1366.0,16,0,香水coach,1100.0,,,False,,,373,浜の町,★浜の町　クレーン売上表2026.xlsx
2025-09-16,2,BUZZ②,,1,13046.0,475.0,7,2,サンリオミニリュックチャーム付,600.0,,,False,,,374,浜の町,★浜の町　クレーン売上表2026.xlsx
2025-09-16,3,BUZZ②,,1,12511.0,841.0,82,25,AIラバー,198.0,,,False,,,375,浜の町,★浜の町　クレーン売上表2026.xlsx
2025-09-16,4,BUZZ②,,1,10694.0,1029.0,3,5,AIマスコット,286.0,14.2.6.14,,False,,,376,浜の町,★浜の町　クレーン売上表2026.xlsx
2025-09-19,1,BUZZ②,,1,13250.0,1366.0,16,0,香水coach,1100.0,,,False,,,377,浜の町,★浜の町　クレーン売上表2026.xlsx
2025-09-19,2,BUZZ②,,1,13087.0,476.0,8,0,サンリオミニリュックチャーム付,600.0,,,False,,,378,浜の町,★浜の町　クレーン売上表2026.xlsx
2025-09-19,3,BUZZ②,,1,12599.0,846.0,102,0,AIラバー,198.0,,,False,,,379,浜の町,★浜の町　クレーン売上表2026.xlsx
2025-09-19,4,BUZZ②,,1,10775.0,1030.0,7,0,AIマスコット,286.0,,,False,,,380,浜の町,★浜の町　クレーン売上表2026.xlsx
2025-09-22,1,BUZZ②,,1,13279.0,1366.0,11,0,香水coach,1100.0,,,False,,,381,浜の町,★浜の町　クレーン売上表2026.xlsx
2025-09-22,2,BUZZ②,,1,13174.0,478.0,6,3,サンリオミニリュックチャーム付,600.0,,,False,,,382,浜の町,★浜の町　クレーン売上表2026.xlsx
2025-09-22,3,BUZZ②,,1,12704.0,853.0,95,0,AIラバー,198.0,,,False,,,383,浜の町,★浜の町　クレーン売上表2026.xlsx
2025-09-22,4,BUZZ②,,1,10918.0,1032.0,5,0,AIマスコット,286.0,,,False,,,384,浜の町,★浜の町　クレーン売上表2026.xlsx
2025-09-29,1,BUZZ②,,1,13330.0,1368.0,9,17,香水coach,1100.0,22.3.10北斗イヤホン,,False,,,385,浜の町,★浜の町　クレーン売上表2026.xlsx
2025-09-29,2,BUZZ②,,1,13253.0,479.0,7,4,サンリオミニリュックチャーム付,600.0,20.2.10,,False,,,386,浜の町,★浜の町　クレーン売上表2026.xlsx
2025-09-29,3,BUZZ②,,1,12940.0,859.0,88,0,AIラバー,198.0,,,False,,,387,浜の町,★浜の町　クレーン売上表2026.xlsx
2025-09-29,4,BUZZ②,,1,11014.0,1034.0,6,3,AIマスコット,286.0,,,False,,,388,浜の町,★浜の町　クレーン売上表2026.xlsx
2025-10-03,1,BUZZ②,,1,13348.0,1368.0,26,0,北斗イヤホン,1100.0,次回入れ替えお願い！,,False,,,389,浜の町,★浜の町　クレーン売上表2026.xlsx
2025-10-03,2,BUZZ②,,1,13302.0,479.0,11,0,サンリオミニリュックチャーム付,600.0,,,False,,,390,浜の町,★浜の町　クレーン売上表2026.xlsx
2025-10-03,3,BUZZ②,,1,13028.0,863.0,84,0,AIラバー,198.0,,,False,,,391,浜の町,★浜の町　クレーン売上表2026.xlsx
2025-10-03,4,BUZZ②,,1,11073.0,1035.0,8,0,AIマスコット,286.0,補充！,,False,,,392,浜の町,★浜の町　クレーン売上表2026.xlsx
2025-10-06,1,BUZZ②,,1,13384.0,1370.0,24,-16,北斗イヤホン,1100.0,サンリオフェイスポーチ22.6.8.22,,False,,,393,浜の町,★浜の町　クレーン売上表2026.xlsx
2025-10-06,2,BUZZ②,,1,13314.0,481.0,8,4,サンリオミニリュックチャーム付,600.0,20.2.8.20,,False,,,394,浜の町,★浜の町　クレーン売上表2026.xlsx
2025-10-06,3,BUZZ②,,1,13157.0,872.0,73,15,AIラバー,198.0,,,False,,,395,浜の町,★浜の町　クレーン売上表2026.xlsx
2025-10-06,4,BUZZ②,,1,11282.0,1035.0,8,3,AIマスコット,286.0,22.7.8.22,,False,,,396,浜の町,★浜の町　クレーン売上表2026.xlsx
2025-10-10,1,BUZZ②,,1,13471.0,1372.0,6,2,キティフェイスポーチ,,,,False,,,397,浜の町,★浜の町　クレーン売上表2026.xlsx
2025-10-10,2,BUZZ②,,1,13360.0,482.0,11,1,サンリオミニリュックチャーム付,600.0,,,False,,,398,浜の町,★浜の町　クレーン売上表2026.xlsx
2025-10-10,3,BUZZ②,,1,13167.0,873.0,87,0,AIラバー,198.0,,,False,,,399,浜の町,★浜の町　クレーン売上表2026.xlsx
2025-10-10,4,BUZZ②,,1,11310.0,1035.0,11,0,AIマスコット,286.0,,,False,,,400,浜の町,★浜の町　クレーン売上表2026.xlsx
2025-10-14,1,BUZZ②,,1,13515.0,1373.0,7,3,キティフェイスポーチ,0.0,,,False,,,401,浜の町,★浜の町　クレーン売上表2026.xlsx
2025-10-14,2,BUZZ②,,1,13437.0,484.0,10,0,サンリオミニリュックチャーム付,600.0,,,False,,,402,浜の町,★浜の町　クレーン売上表2026.xlsx
2025-10-14,3,BUZZ②,,1,13334.0,881.0,79,13,AIラバー,198.0,,,False,,,403,浜の町,★浜の町　クレーン売上表2026.xlsx
2025-10-14,4,BUZZ②,,1,11378.0,1036.0,10,2,AIマスコット,286.0,,,False,,,404,浜の町,★浜の町　クレーン売上表2026.xlsx
2025-10-18,1,BUZZ②,,1,13648.0,1375.0,8,,キティフェイスポーチ,957.0,,,False,,,299,浜の町,★浜の町　クレーン売上表2026.xlsx
2025-10-18,1,BUZZ②,,1,13648.0,1375.0,8,,キティフェイスポーチ,0.0,,,False,,,405,浜の町,★浜の町　クレーン売上表2026.xlsx
2025-10-18,2,BUZZ②,,1,13461.0,484.0,10,,サンリオミニリュックチャーム付,600.0,,,False,,,300,浜の町,★浜の町　クレーン売上表2026.xlsx
2025-10-18,2,BUZZ②,,1,13461.0,484.0,10,,サンリオミニリュックチャーム付,600.0,,,False,,,406,浜の町,★浜の町　クレーン売上表2026.xlsx
2025-10-18,3,BUZZ②,,1,13425.0,890.0,83,,AIラバー,198.0,,,False,,,301,浜の町,★浜の町　クレーン売上表2026.xlsx
2025-10-18,3,BUZZ②,,1,13425.0,890.0,83,,AIラバー,198.0,,,False,,,407,浜の町,★浜の町　クレーン売上表2026.xlsx
2025-10-18,4,BUZZ②,,1,11460.0,1038.0,10,,AIマスコット,286.0,,,False,,,302,浜の町,★浜の町　クレーン売上表2026.xlsx
2025-10-18,4,BUZZ②,,1,11460.0,1038.0,10,,AIマスコット,286.0,,,False,,,408,浜の町,★浜の町　クレーン売上表2026.xlsx
2025-10-20,1,BUZZ②,,1,13674.0,1376.0,7,2,キティフェイスポーチ,957.0,,,False,,,303,浜の町,★浜の町　クレーン売上表2026.xlsx
2025-10-20,2,BUZZ②,,1,13495.0,484.0,10,0,サンリオミニリュックチャーム付,600.0,,,False,,,304,浜の町,★浜の町　クレーン売上表2026.xlsx
2025-10-20,3,BUZZ②,,1,13607.0,900.0,73,0,AIラバー,198.0,,,False,,,305,浜の町,★浜の町　クレーン売上表2026.xlsx
2025-10-20,4,BUZZ②,,1,11488.0,1039.0,9,0,AIマスコット,286.0,,,False,,,306,浜の町,★浜の町　クレーン売上表2026.xlsx
2025-10-24,1,BUZZ②,,1,13801.0,1380.0,7,3,キティフェイスポーチ,957.0,,,False,,,307,浜の町,★浜の町　クレーン売上表2026.xlsx
2025-10-24,2,BUZZ②,,1,13518.0,484.0,10,0,サンリオミニリュックチャーム付,600.0,月曜日次第入れ替え,,False,,,308,浜の町,★浜の町　クレーン売上表2026.xlsx
2025-10-24,3,BUZZ②,,1,13631.0,903.0,70,15,AIラバー,198.0,,,False,,,309,浜の町,★浜の町　クレーン売上表2026.xlsx
2025-10-24,4,BUZZ②,,1,11584.0,1043.0,7,4,AIマスコット,286.0,,,False,,,310,浜の町,★浜の町　クレーン売上表2026.xlsx
2025-10-27,1,BUZZ②,,1,13874.0,1381.0,7,0,キティフェイスポーチ,957.0,,,False,,,311,浜の町,★浜の町　クレーン売上表2026.xlsx
2025-10-27,2,BUZZ②,,1,13548.0,486.0,9,0,サンリオミニリュックチャーム付,600.0,,,False,,,312,浜の町,★浜の町　クレーン売上表2026.xlsx
2025-10-27,3,BUZZ②,,1,13659.0,904.0,84,0,AIラバー,198.0,,,False,,,313,浜の町,★浜の町　クレーン売上表2026.xlsx
2025-10-27,4,BUZZ②,,1,11675.0,1043.0,11,0,AIマスコット,286.0,,,False,,,314,浜の町,★浜の町　クレーン売上表2026.xlsx
2025-11-01,1,BUZZ②,,1,13954.0,1382.0,6,2,キティフェイスポーチ,957.0,,,False,,,315,浜の町,★浜の町　クレーン売上表2026.xlsx
2025-11-01,2,BUZZ②,,1,13579.0,486.0,9,0,サンリオミニリュックチャーム付,600.0,,,False,,,316,浜の町,★浜の町　クレーン売上表2026.xlsx
2025-11-01,3,BUZZ②,,1,13672.0,905.0,83,0,AIラバー,198.0,,,False,,,317,浜の町,★浜の町　クレーン売上表2026.xlsx
2025-11-01,4,BUZZ②,,1,11708.0,1044.0,10,2,AIマスコット,286.0,ちいかわマスコットポーチ20.7.8.20,,False,,,318,浜の町,★浜の町　クレーン売上表2026.xlsx
2025-11-04,1,BUZZ②,,1,13980.0,1382.0,8,1,キティフェイスポーチ,957.0,,,False,,,319,浜の町,★浜の町　クレーン売上表2026.xlsx
2025-11-04,2,BUZZ②,,1,13591.0,486.0,9,0,サンリオミニリュックチャーム付,600.0,,,False,,,320,浜の町,★浜の町　クレーン売上表2026.xlsx
2025-11-04,3,BUZZ②,,1,13688.0,906.0,83,0,AIラバー,198.0,,,False,,,321,浜の町,★浜の町　クレーン売上表2026.xlsx
2025-11-04,4,BUZZ②,,1,11741.0,1044.0,12,0,ちいかわマスコットポーチ,286.0,,,False,,,322,浜の町,★浜の町　クレーン売上表2026.xlsx
2025-11-07,1,BUZZ②,,1,14013.0,1382.0,9,,キティフェイスポーチ,957.0,,,False,,,323,浜の町,★浜の町　クレーン売上表2026.xlsx
2025-11-07,2,BUZZ②,,1,13618.0,486.0,9,,サンリオミニリュックチャーム付,600.0,,,False,,,324,浜の町,★浜の町　クレーン売上表2026.xlsx
2025-11-07,3,BUZZ②,,1,13701.0,906.0,83,,AIラバー,198.0,,,False,,,325,浜の町,★浜の町　クレーン売上表2026.xlsx
2025-11-07,4,BUZZ②,,1,11769.0,1044.0,12,,ちいかわマスコットポーチ,286.0,,,False,,,326,浜の町,★浜の町　クレーン売上表2026.xlsx
2025-11-10,1,BUZZ②,,1,14032.0,1382.0,9,0,キティフェイスポーチ,957.0,21.6.7.20緩和20→10,,False,,,327,浜の町,★浜の町　クレーン売上表2026.xlsx
2025-11-10,2,BUZZ②,,1,13657.0,486.0,9,5,サンリオミニリュックチャーム付,600.0,サンリオウィンターキーケース24.2.10.24,,False,,,328,浜の町,★浜の町　クレーン売上表2026.xlsx
2025-11-10,3,BUZZ②,,1,13716.0,906.0,83,0,AIラバー,198.0,,,False,,,329,浜の町,★浜の町　クレーン売上表2026.xlsx
2025-11-10,4,BUZZ②,,1,11813.0,1044.0,12,0,ちいかわマスコットポーチ,286.0,22.6.8.22緩和10→20,,False,,,330,浜の町,★浜の町　クレーン売上表2026.xlsx
2025-11-14,1,BUZZ②,,1,14073.0,1382.0,9,0,キティフェイスポーチ,957.0,,,False,,,331,浜の町,★浜の町　クレーン売上表2026.xlsx
2025-11-14,2,BUZZ②,,1,13667.0,486.0,14,0,サンリオミニリュックチャーム付,600.0,,,False,,,332,浜の町,★浜の町　クレーン売上表2026.xlsx
2025-11-14,3,BUZZ②,,1,13759.0,907.0,82,0,AIラバー,198.0,,,False,,,333,浜の町,★浜の町　クレーン売上表2026.xlsx
2025-11-14,4,BUZZ②,,1,11839.0,1044.0,12,0,ちいかわマスコットポーチ,286.0,,,False,,,334,浜の町,★浜の町　クレーン売上表2026.xlsx
2025-11-19,1,BUZZ②,,1,14151.0,1384.0,7,2,キティフェイスポーチ,957.0,,,False,,,335,浜の町,★浜の町　クレーン売上表2026.xlsx
2025-11-19,2,BUZZ②,,1,13758.0,488.0,12,0,サンリオミニリュックチャーム付,600.0,,,False,,,336,浜の町,★浜の町　クレーン売上表2026.xlsx
2025-11-19,3,BUZZ②,,1,13838.0,910.0,79,5,AIラバー,198.0,,,False,,,337,浜の町,★浜の町　クレーン売上表2026.xlsx
2025-11-19,4,BUZZ②,,1,11901.0,1045.0,11,1,ちいかわマスコットポーチ,286.0,,,False,,,338,浜の町,★浜の町　クレーン売上表2026.xlsx
2026-02-18,1,BUZZ②,,1,14925.0,,10,,キティボアバンスクリップ,1100.0,,,False,,,225,浜の町,★浜の町　クレーン売上表2026.xlsx
2026-02-18,2,BUZZ②,,1,14380.0,,10,,サンリオフェイスポーチ,825.0,,,False,,,226,浜の町,★浜の町　クレーン売上表2026.xlsx
2026-02-18,3,BUZZ②,,1,14540.0,,20,,ボンボンドロップシール,200.0,,,False,,,227,浜の町,★浜の町　クレーン売上表2026.xlsx
2026-02-18,4,BUZZ②,,1,12484.0,,10,,ゲームアーク,648.0,,,False,,,228,浜の町,★浜の町　クレーン売上表2026.xlsx
2026-03-03,1,BUZZ②,,1,14960.0,1435.0,6,,キティボアバンスクリップ,1100.0,,,False,,,229,浜の町,★浜の町　クレーン売上表2026.xlsx
2026-03-03,2,BUZZ②,,1,14472.0,493.0,8,,サンリオフェイスポーチ,825.0,,,False,,,230,浜の町,★浜の町　クレーン売上表2026.xlsx
2026-03-03,3,BUZZ②,,1,14580.0,939.0,15,,ボンボンドロップシール,200.0,,,False,,,231,浜の町,★浜の町　クレーン売上表2026.xlsx
2026-03-03,4,BUZZ②,,1,12497.0,1073.0,5,,ゲームアーク,648.0,,,False,,,232,浜の町,★浜の町　クレーン売上表2026.xlsx
2026-03-06,1,BUZZ②,,1,14988.0,1436.0,5,6,キティボアバンスクリップ,1100.0,,,False,,,233,浜の町,★浜の町　クレーン売上表2026.xlsx
2026-03-06,2,BUZZ②,,1,14526.0,494.0,7,,サンリオフェイスポーチ,825.0,,,False,,,234,浜の町,★浜の町　クレーン売上表2026.xlsx
2026-03-06,3,BUZZ②,,1,14616.0,940.0,14,20,ボンボンドロップシール,200.0,,,False,,,235,浜の町,★浜の町　クレーン売上表2026.xlsx
2026-03-06,4,BUZZ②,,1,12509.0,1078.0,0,5,ゲームアーク,648.0,,,False,,,236,浜の町,★浜の町　クレーン売上表2026.xlsx
2026-03-09,1,BUZZ②,,1,15053.0,1436.0,10,0,キティボアバンスクリップ,1100.0,,,False,,,237,浜の町,★浜の町　クレーン売上表2026.xlsx
2026-03-09,2,BUZZ②,,1,14557.0,496.0,6,0,サンリオフェイスポーチ,825.0,,,False,,,238,浜の町,★浜の町　クレーン売上表2026.xlsx
2026-03-09,3,BUZZ②,,1,14778.0,945.0,23,0,ボンボンドロップシール,200.0,,,False,,,239,浜の町,★浜の町　クレーン売上表2026.xlsx
2026-03-09,4,BUZZ②,,1,12595.0,1078.0,5,0,ゲームアーク,648.0,,,False,,,240,浜の町,★浜の町　クレーン売上表2026.xlsx
2026-03-10,1,BUZZ②,,1,15085.0,1438.0,8,2,キティボアバンスクリップ,1100.0,21.6.821,,False,,,241,浜の町,★浜の町　クレーン売上表2026.xlsx
2026-03-10,2,BUZZ②,,1,14558.0,496.0,6,4,サンリオフェイスポーチ,825.0,,,False,,,242,浜の町,★浜の町　クレーン売上表2026.xlsx
2026-03-10,3,BUZZ②,,1,14793.0,946.0,22,0,ボンボンドロップシール,200.0,,,False,,,243,浜の町,★浜の町　クレーン売上表2026.xlsx
2026-03-10,4,BUZZ②,,1,12606.0,1078.0,5,0,ゲームアーク,648.0,,,False,,,244,浜の町,★浜の町　クレーン売上表2026.xlsx
2026-03-13,1,BUZZ②,,1,15114.0,1438.0,7,1,キティボアバンスクリップ,1100.0,,,False,,,245,浜の町,★浜の町　クレーン売上表2026.xlsx
2026-03-13,2,BUZZ②,,1,14564.0,496.0,5,0,サンリオフェイスポーチ,825.0,,,False,,,246,浜の町,★浜の町　クレーン売上表2026.xlsx
2026-03-13,3,BUZZ②,,1,14819.0,946.0,21,0,ボンボンドロップシール,200.0,,,False,,,247,浜の町,★浜の町　クレーン売上表2026.xlsx
2026-03-13,4,BUZZ②,,1,12616.0,1078.0,5,0,ゲームアーク,648.0,,,False,,,248,浜の町,★浜の町　クレーン売上表2026.xlsx
2026-03-16,1,BUZZ②,,1,15177.0,1440.0,6,0,キティボアバンスクリップ,1100.0,,,False,,,249,浜の町,★浜の町　クレーン売上表2026.xlsx
2026-03-16,2,BUZZ②,,1,14586.0,498.0,3,0,サンリオフェイスポーチ,825.0,,,False,,,250,浜の町,★浜の町　クレーン売上表2026.xlsx
2026-03-16,3,BUZZ②,,1,14944.0,951.0,16,4,ボンボンドロップシール,200.0,,,False,,,251,浜の町,★浜の町　クレーン売上表2026.xlsx
2026-03-16,4,BUZZ②,,1,12675.0,1078.0,5,0,ゲームアーク,648.0,,,False,,,252,浜の町,★浜の町　クレーン売上表2026.xlsx
2026-03-17,1,BUZZ②,,1,15188.0,1440.0,6,,キティボアバンスクリップ,1100.0,,,False,,,151,浜の町,★浜の町　クレーン売上表2026.xlsx
2026-03-17,1,BUZZ②,,1,15188.0,1440.0,6,,キティボアバンスクリップ,1100.0,,,False,,,253,浜の町,★浜の町　クレーン売上表2026.xlsx
2026-03-17,2,BUZZ②,,1,14589.0,498.0,3,,サンリオフェイスポーチ,825.0,,,False,,,152,浜の町,★浜の町　クレーン売上表2026.xlsx
2026-03-17,2,BUZZ②,,1,14589.0,498.0,3,,サンリオフェイスポーチ,825.0,,,False,,,254,浜の町,★浜の町　クレーン売上表2026.xlsx
2026-03-17,3,BUZZ②,,1,14955.0,951.0,20,,ボンボンドロップシール,200.0,,,False,,,153,浜の町,★浜の町　クレーン売上表2026.xlsx
2026-03-17,3,BUZZ②,,1,14955.0,951.0,20,,ボンボンドロップシール,200.0,,,False,,,255,浜の町,★浜の町　クレーン売上表2026.xlsx
2026-03-17,4,BUZZ②,,1,12680.0,1078.0,5,,ゲームアーク,648.0,,,False,,,154,浜の町,★浜の町　クレーン売上表2026.xlsx
2026-03-17,4,BUZZ②,,1,12680.0,1078.0,5,,ゲームアーク,648.0,,,False,,,256,浜の町,★浜の町　クレーン売上表2026.xlsx
2026-03-17,5,BUZZ②,,1,15199.0,1440.0,6,0,キティボアバンスクリップ,1100.0,,,True,possible_2nd_round,"booth=5 > 4 (machine=BUZZ②, area=None, tag=possible_2nd_round)",155,浜の町,★浜の町　クレーン売上表2026.xlsx
2026-03-17,6,BUZZ②,,1,14634.0,499.0,2,5,サンリオフェイスポーチ,825.0,,,True,possible_2nd_round,"booth=6 > 4 (machine=BUZZ②, area=None, tag=possible_2nd_round)",156,浜の町,★浜の町　クレーン売上表2026.xlsx
2026-03-17,7,BUZZ②,,1,15072.0,962.0,15,4,ボンボンドロップシール,200.0,,,True,possible_2nd_round,"booth=7 > 4 (machine=BUZZ②, area=None, tag=possible_2nd_round)",157,浜の町,★浜の町　クレーン売上表2026.xlsx
2026-03-17,8,BUZZ②,,1,12695.0,1078.0,5,0,ゲームアーク,648.0,,,True,possible_2nd_round,"booth=8 > 4 (machine=BUZZ②, area=None, tag=possible_2nd_round)",158,浜の町,★浜の町　クレーン売上表2026.xlsx
2026-03-23,1,BUZZ②,,1,15234.0,1442.0,3,3,キティボアバンスクリップ,1100.0,21.6.7,,False,,,159,浜の町,★浜の町　クレーン売上表2026.xlsx
2026-03-23,2,BUZZ②,,1,14658.0,500.0,6,0,サンリオフェイスポーチ,825.0,,,False,,,160,浜の町,★浜の町　クレーン売上表2026.xlsx
2026-03-23,3,BUZZ②,,1,15140.0,963.0,18,0,ボンボンドロップシール,200.0,,,False,,,161,浜の町,★浜の町　クレーン売上表2026.xlsx
2026-03-23,4,BUZZ②,,1,12738.0,1078.0,5,0,ゲームアーク,648.0,,,False,,,162,浜の町,★浜の町　クレーン売上表2026.xlsx
2026-03-27,1,BUZZ②,,1,15249.0,1442.0,6,0,キティボアバンスクリップ,1100.0,,,False,,,163,浜の町,★浜の町　クレーン売上表2026.xlsx
2026-03-27,2,BUZZ②,,1,14705.0,500.0,6,0,サンリオフェイスポーチ,825.0,,,False,,,164,浜の町,★浜の町　クレーン売上表2026.xlsx
2026-03-27,3,BUZZ②,,1,15178.0,964.0,17,2,ボンボンドロップシール,200.0,,,False,,,165,浜の町,★浜の町　クレーン売上表2026.xlsx
2026-03-27,4,BUZZ②,,1,12754.0,1078.0,5,0,ゲームアーク,648.0,,,False,,,166,浜の町,★浜の町　クレーン売上表2026.xlsx
2026-03-30,1,BUZZ②,,1,15263.0,1443.0,6,0,キティボアバンスクリップ,1100.0,,,False,,,167,浜の町,★浜の町　クレーン売上表2026.xlsx
2026-03-30,2,BUZZ②,,1,14713.0,501.0,5,0,サンリオフェイスポーチ,825.0,,,False,,,168,浜の町,★浜の町　クレーン売上表2026.xlsx
2026-03-30,3,BUZZ②,,1,15231.0,966.0,17,,ボンボンドロップシール,200.0,,,False,,,169,浜の町,★浜の町　クレーン売上表2026.xlsx
2026-03-30,4,BUZZ②,,1,12762.0,1078.0,5,0,ゲームアーク,648.0,,,False,,,170,浜の町,★浜の町　クレーン売上表2026.xlsx
2026-04-03,1,BUZZ②,,1,15310.0,1443.0,5,0,キティボアバンスクリップ,1100.0,,,False,,,171,浜の町,★浜の町　クレーン売上表2026.xlsx
2026-04-03,2,BUZZ②,,1,14758.0,502.0,4,3,サンリオフェイスポーチ,825.0,,,False,,,172,浜の町,★浜の町　クレーン売上表2026.xlsx
2026-04-03,3,BUZZ②,,1,15284.0,969.0,16,5,ボンボンドロップシール,200.0,,,False,,,173,浜の町,★浜の町　クレーン売上表2026.xlsx
2026-04-03,4,BUZZ②,,1,12793.0,1078.0,5,0,ゲームアーク,648.0,そろそろ入れ替え時,,False,,,174,浜の町,★浜の町　クレーン売上表2026.xlsx
2026-04-06,1,BUZZ②,,1,15469.0,1444.0,4,2,キティボアバンスクリップ,1100.0,,,False,,,175,浜の町,★浜の町　クレーン売上表2026.xlsx
2026-04-06,2,BUZZ②,,1,14770.0,502.0,7,0,サンリオフェイスポーチ,825.0,,,False,,,176,浜の町,★浜の町　クレーン売上表2026.xlsx
2026-04-06,3,BUZZ②,,1,15305.0,973.0,17,5,ボンボンドロップシール,200.0,23.5.7,,False,,,177,浜の町,★浜の町　クレーン売上表2026.xlsx
2026-04-06,4,BUZZ②,,1,12812.0,1078.0,5,3,ゲームアーク,648.0,たまごっちブロックシール22.7.9,,False,,,178,浜の町,★浜の町　クレーン売上表2026.xlsx
2026-04-10,1,BUZZ②,,1,15517.0,1445.0,5,0,キティボアバンスクリップ,1100.0,,,False,,,179,浜の町,★浜の町　クレーン売上表2026.xlsx
2026-04-10,2,BUZZ②,,1,14788.0,503.0,6,0,サンリオフェイスポーチ,825.0,,,False,,,180,浜の町,★浜の町　クレーン売上表2026.xlsx
2026-04-10,3,BUZZ②,,1,15331.0,974.0,21,0,ボンボンドロップシール,200.0,,,False,,,181,浜の町,★浜の町　クレーン売上表2026.xlsx
2026-04-10,4,BUZZ②,,1,12964.0,1081.0,1,3,たまごっちブロックシール,648.0,22.7.8,,False,,,182,浜の町,★浜の町　クレーン売上表2026.xlsx
2026-04-13,1,BUZZ②,,1,15539.0,1445.0,5,0,キティボアバンスクリップ,1100.0,,,False,,,183,浜の町,★浜の町　クレーン売上表2026.xlsx
2026-04-13,2,BUZZ②,,1,14807.0,504.0,5,2,サンリオフェイスポーチ,825.0,24.6.8.速度2,,False,,,184,浜の町,★浜の町　クレーン売上表2026.xlsx
2026-04-13,3,BUZZ②,,1,15356.0,976.0,19,4,ボンボンドロップシール,200.0,,,False,,,185,浜の町,★浜の町　クレーン売上表2026.xlsx
2026-04-13,4,BUZZ②,,1,13021.0,1085.0,0,3,たまごっちブロックシール,648.0,,,False,,,186,浜の町,★浜の町　クレーン売上表2026.xlsx
2026-04-18,1,BUZZ②,,1,15574.0,1446.0,4,0,キティボアバンスクリップ,1100.0,,,False,,,187,浜の町,★浜の町　クレーン売上表2026.xlsx
2026-04-18,2,BUZZ②,,1,14817.0,504.0,7,0,サンリオフェイスポーチ,825.0,,,False,,,188,浜の町,★浜の町　クレーン売上表2026.xlsx
2026-04-18,3,BUZZ②,,1,15370.0,976.0,23,0,ボンボンドロップシール,200.0,,,False,,,189,浜の町,★浜の町　クレーン売上表2026.xlsx
2026-04-18,4,BUZZ②,,1,13074.0,1086.0,1,6,たまごっちブロックシール,648.0,22.6.8速度1,,False,,,190,浜の町,★浜の町　クレーン売上表2026.xlsx
2026-04-20,1,BUZZ②,,1,15595.0,1446.0,4,0,キティボアバンスクリップ,1100.0,,,False,,,77,浜の町,★浜の町　クレーン売上表2026.xlsx
2026-04-20,2,BUZZ②,,1,14818.0,504.0,7,0,サンリオフェイスポーチ,825.0,エラーで止まってた。ゴムつけたら直った,,False,,,78,浜の町,★浜の町　クレーン売上表2026.xlsx
2026-04-20,3,BUZZ②,,1,15379.0,977.0,22,0,ボンボンドロップシール,200.0,,,False,,,79,浜の町,★浜の町　クレーン売上表2026.xlsx
2026-04-20,4,BUZZ②,,1,13112.0,1088.0,3,5,たまごっちブロックシール,648.0,20.5.7,,False,,,80,浜の町,★浜の町　クレーン売上表2026.xlsx
2026-04-24,1,BUZZ②,,1,15657.0,1447.0,2,0,キティボアバンスクリップ,1100.0,,,False,,,81,浜の町,★浜の町　クレーン売上表2026.xlsx
2026-04-24,2,BUZZ②,,1,14831.0,504.0,7,0,サンリオフェイスポーチ,825.0,パンケーキスクイーズ24.10.12,,False,,,82,浜の町,★浜の町　クレーン売上表2026.xlsx
2026-04-24,3,BUZZ②,,1,15393.0,977.0,22,0,ボンボンドロップシール,200.0,,,False,,,83,浜の町,★浜の町　クレーン売上表2026.xlsx
2026-04-24,4,BUZZ②,,1,13169.0,1088.0,7,2,たまごっちブロックシール,648.0,,,False,,,84,浜の町,★浜の町　クレーン売上表2026.xlsx
2026-04-27,1,BUZZ②,,1,15684.0,1447.0,2,6,キティボアバンスクリップ,1100.0,マリオカートマスコット20.7.8,,False,,,85,浜の町,★浜の町　クレーン売上表2026.xlsx
2026-04-27,2,BUZZ②,,1,14879.0,505.0,6,0,パンケーキスクイーズ,181.0,,,False,,,86,浜の町,★浜の町　クレーン売上表2026.xlsx
2026-04-27,3,BUZZ②,,1,15426.0,979.0,20,-2,ボンボンドロップシール,200.0,フルーツスクイーズ24.8.10ゴム2,,False,,,87,浜の町,★浜の町　クレーン売上表2026.xlsx
2026-04-27,4,BUZZ②,,1,13217.0,1090.0,5,4,たまごっちブロックシール,648.0,,,False,,,88,浜の町,★浜の町　クレーン売上表2026.xlsx
2026-05-01,1,BUZZ②,,1,15754.0,1451.0,4,4,マリオカートマスコット,792.0,,,False,,,89,浜の町,★浜の町　クレーン売上表2026.xlsx
2026-05-01,2,BUZZ②,,1,14934.0,505.0,6,3,パンケーキスクイーズ,181.0,,,False,,,90,浜の町,★浜の町　クレーン売上表2026.xlsx
2026-05-01,3,BUZZ②,,1,15528.0,981.0,16,4,フルーツスクイーズ,200.0,,,False,,,91,浜の町,★浜の町　クレーン売上表2026.xlsx
2026-05-01,4,BUZZ②,,1,13240.0,1093.0,7,1,たまごっちブロックシール,648.0,,,False,,,92,浜の町,★浜の町　クレーン売上表2026.xlsx
2026-05-04,1,BUZZ②,,1,15808.0,1455.0,4,4,マリオカートマスコット,792.0,,,False,,,93,浜の町,★浜の町　クレーン売上表2026.xlsx
2026-05-04,2,BUZZ②,,1,14978.0,505.0,9,0,パンケーキスクイーズ,181.0,,,False,,,94,浜の町,★浜の町　クレーン売上表2026.xlsx
2026-05-04,3,BUZZ②,,1,15594.0,983.0,17,3,フルーツスクイーズ,200.0,,,False,,,95,浜の町,★浜の町　クレーン売上表2026.xlsx
2026-05-04,4,BUZZ②,,1,13329.0,1095.0,6,3,たまごっちブロックシール,648.0,,,False,,,96,浜の町,★浜の町　クレーン売上表2026.xlsx
2026-05-08,1,BUZZ②,,1,15884.0,1459.0,4,2,マリオカートマスコット,792.0,20.7.7,,False,,,97,浜の町,★浜の町　クレーン売上表2026.xlsx
2026-05-08,2,BUZZ②,,1,15013.0,507.0,7,2,パンケーキスクイーズ,181.0,,,False,,,98,浜の町,★浜の町　クレーン売上表2026.xlsx
2026-05-08,3,BUZZ②,,1,15636.0,985.0,18,2,フルーツスクイーズ,200.0,,,False,,,99,浜の町,★浜の町　クレーン売上表2026.xlsx
2026-05-08,4,BUZZ②,,1,13393.0,1095.0,9,0,たまごっちブロックシール,648.0,,,False,,,100,浜の町,★浜の町　クレーン売上表2026.xlsx
2026-05-11,1,BUZZ②,,1,15987.0,1461.0,4,2,マリオカートマスコット,792.0,20.8.8,,False,,,101,浜の町,★浜の町　クレーン売上表2026.xlsx
2026-05-11,2,BUZZ②,,1,15039.0,507.0,9,0,パンケーキスクイーズ,181.0,24.10.12,,False,,,102,浜の町,★浜の町　クレーン売上表2026.xlsx
2026-05-11,3,BUZZ②,,1,15687.0,986.0,19,0,フルーツスクイーズ,200.0,24.8.10,,False,,,103,浜の町,★浜の町　クレーン売上表2026.xlsx
2026-05-11,4,BUZZ②,,1,13427.0,1096.0,8,1,たまごっちブロックシール,648.0,15.7.7,,False,,,104,浜の町,★浜の町　クレーン売上表2026.xlsx
2026-05-15,1,BUZZ②,,1,3961.0,71.0,5,0,マリオカートマスコット,792.0,,,False,,,105,浜の町,★浜の町　クレーン売上表2026.xlsx
2026-05-15,2,BUZZ②,,1,3813.0,104.0,6,6,パンケーキスクイーズ,181.0,,,False,,,106,浜の町,★浜の町　クレーン売上表2026.xlsx
2026-05-15,3,BUZZ②,,1,4952.0,156.0,19,0,フルーツスクイーズ,200.0,24.8.9シリコン2,,False,,,107,浜の町,★浜の町　クレーン売上表2026.xlsx
2026-05-15,4,BUZZ②,,1,5774.0,167.0,8,2,たまごっちブロックシール,648.0,,,False,,,108,浜の町,★浜の町　クレーン売上表2026.xlsx
2026-05-18,1,BUZZ②,,1,4008.0,73.0,4,0,マリオカートマスコット,792.0,,,False,,,3,浜の町,★浜の町　クレーン売上表2026.xlsx
2026-05-18,2,BUZZ②,,1,3849.0,107.0,9,3,パンケーキスクイーズ,181.0,,,False,,,4,浜の町,★浜の町　クレーン売上表2026.xlsx
2026-05-18,3,BUZZ②,,1,5038.0,160.0,15,3,フルーツスクイーズ,200.0,,,False,,,5,浜の町,★浜の町　クレーン売上表2026.xlsx
2026-05-18,4,BUZZ②,,1,5803.0,167.0,10,0,たまごっちブロックシール,648.0,15.7.8,,False,,,6,浜の町,★浜の町　クレーン売上表2026.xlsx
2026-05-22,1,BUZZ②,,1,4026.0,74.0,4,0,マリオカートマスコット,792.0,,,False,,,7,浜の町,★浜の町　クレーン売上表2026.xlsx
2026-05-22,2,BUZZ②,,1,3874.0,107.0,12,0,パンケーキスクイーズ,181.0,,,False,,,8,浜の町,★浜の町　クレーン売上表2026.xlsx
2026-05-22,3,BUZZ②,,1,5058.0,161.0,17,0,フルーツスクイーズ,200.0,,,False,,,9,浜の町,★浜の町　クレーン売上表2026.xlsx
2026-05-22,4,BUZZ②,,1,5868.0,167.0,9,0,たまごっちブロックシール,648.0,,,False,,,10,浜の町,★浜の町　クレーン売上表2026.xlsx
2026-05-25,1,BUZZ②,,1,4060.0,75.0,3,0,マリオカートマスコット,792.0,,,False,,,11,浜の町,★浜の町　クレーン売上表2026.xlsx
2026-05-25,2,BUZZ②,,1,3898.0,108.0,11,0,パンケーキスクイーズ,181.0,,,False,,,12,浜の町,★浜の町　クレーン売上表2026.xlsx
2026-05-25,3,BUZZ②,,1,5081.0,161.0,17,0,フルーツスクイーズ,200.0,シリコン、3個にした,,False,,,13,浜の町,★浜の町　クレーン売上表2026.xlsx
2026-05-25,4,BUZZ②,,1,5902.0,167.0,9,3,たまごっちブロックシール,648.0,,,False,,,14,浜の町,★浜の町　クレーン売上表2026.xlsx
2025-08-17,1,BUZZ③,,1,12860.0,1360.0,4,0,サンリオフェイスポーチ,957.0,,,False,,,521,浜の町,★浜の町　クレーン売上表2026.xlsx
2025-08-17,2,BUZZ③,,1,12512.0,465.0,3,0,サンリオファン,1100.0,,,False,,,522,浜の町,★浜の町　クレーン売上表2026.xlsx
2025-08-17,3,BUZZ③,,1,11667.0,827.0,7,0,サンリオスマートキーケース,726.0,,,False,,,523,浜の町,★浜の町　クレーン売上表2026.xlsx
2025-08-17,4,BUZZ③,,1,10171.0,999.0,9,0,デジタルミニカメラ,1045.0,,,False,,,524,浜の町,★浜の町　クレーン売上表2026.xlsx
2025-09-01,1,BUZZ③,,1,11481.0,883.0,10,0,スティッチキーケース,490.0,22.4.7.22,,False,,,447,浜の町,★浜の町　クレーン売上表2026.xlsx
2025-09-01,2,BUZZ③,,1,10516.0,755.0,14,0,ジャグラーサウンドフラッシュ,748.0,22.3.7.22,,False,,,448,浜の町,★浜の町　クレーン売上表2026.xlsx
2025-09-01,3,BUZZ③,,1,13785.0,2381.0,10,0,サンリオギャルキーケース,660.0,18.4.7.18,,False,,,449,浜の町,★浜の町　クレーン売上表2026.xlsx
2025-09-01,4,BUZZ③,,1,13049.0,1503.0,9,0,ピクミンマスコット,748.0,11.1.7.11,,False,,,450,浜の町,★浜の町　クレーン売上表2026.xlsx
2025-09-05,1,BUZZ③,,1,11481.0,883.0,10,0,スティッチキーケース,490.0,,,False,,,451,浜の町,★浜の町　クレーン売上表2026.xlsx
2025-09-05,2,BUZZ③,,1,10516.0,755.0,14,0,ジャグラーサウンドフラッシュ,748.0,,,False,,,452,浜の町,★浜の町　クレーン売上表2026.xlsx
2025-09-05,3,BUZZ③,,1,13785.0,2381.0,10,0,サンリオギャルキーケース,660.0,,,False,,,453,浜の町,★浜の町　クレーン売上表2026.xlsx
2025-09-05,4,BUZZ③,,1,13049.0,1503.0,9,0,ピクミンマスコット,748.0,,,False,,,454,浜の町,★浜の町　クレーン売上表2026.xlsx
2025-09-09,1,BUZZ③,,1,11481.0,883.0,10,0,スティッチキーケース,490.0,,,False,,,455,浜の町,★浜の町　クレーン売上表2026.xlsx
2025-09-09,2,BUZZ③,,1,10516.0,755.0,14,0,ジャグラーサウンドフラッシュ,748.0,,,False,,,456,浜の町,★浜の町　クレーン売上表2026.xlsx
2025-09-09,3,BUZZ③,,1,13785.0,2381.0,10,0,サンリオギャルキーケース,660.0,,,False,,,457,浜の町,★浜の町　クレーン売上表2026.xlsx
2025-09-09,4,BUZZ③,,1,13049.0,1503.0,9,0,ピクミンマスコット,748.0,,,False,,,458,浜の町,★浜の町　クレーン売上表2026.xlsx
2025-09-12,1,BUZZ③,,1,11490.0,884.0,9,1,スティッチキーケース,490.0,,,False,,,459,浜の町,★浜の町　クレーン売上表2026.xlsx
2025-09-12,2,BUZZ③,,1,10553.0,756.0,13,1,ジャグラーサウンドフラッシュ,748.0,,,False,,,460,浜の町,★浜の町　クレーン売上表2026.xlsx
2025-09-12,3,BUZZ③,,1,13795.0,2381.0,10,0,サンリオギャルキーケース,660.0,,,False,,,461,浜の町,★浜の町　クレーン売上表2026.xlsx
2025-09-12,4,BUZZ③,,1,13063.0,1504.0,8,0,ピクミンマスコット,748.0,,,False,,,462,浜の町,★浜の町　クレーン売上表2026.xlsx
2025-09-16,1,BUZZ③,,1,11520.0,886.0,8,0,スティッチキーケース,550.0,,,False,,,373,浜の町,★浜の町　クレーン売上表2026.xlsx
2025-09-16,2,BUZZ③,,1,10651.0,759.0,11,0,ジャグラーサウンドフラッシュ,748.0,,,False,,,374,浜の町,★浜の町　クレーン売上表2026.xlsx
2025-09-16,3,BUZZ③,,1,13855.0,2381.0,10,0,サンリオギャルキーケース,700.0,,,False,,,375,浜の町,★浜の町　クレーン売上表2026.xlsx
2025-09-16,4,BUZZ③,,1,13080.0,1504.0,8,0,ピクミンマスコット,748.0,,,False,,,376,浜の町,★浜の町　クレーン売上表2026.xlsx
2025-09-19,1,BUZZ③,,1,11531.0,886.0,8,0,スティッチキーケース,550.0,,,False,,,377,浜の町,★浜の町　クレーン売上表2026.xlsx
2025-09-19,2,BUZZ③,,1,10682.0,760.0,10,0,ジャグラーサウンドフラッシュ,748.0,,,False,,,378,浜の町,★浜の町　クレーン売上表2026.xlsx
2025-09-19,3,BUZZ③,,1,13872.0,2382.0,9,0,サンリオギャルキーケース,700.0,,,False,,,379,浜の町,★浜の町　クレーン売上表2026.xlsx
2025-09-19,4,BUZZ③,,1,13092.0,1504.0,8,0,ピクミンマスコット,748.0,,,False,,,380,浜の町,★浜の町　クレーン売上表2026.xlsx
2025-09-22,1,BUZZ③,,1,11536.0,887.0,7,0,スティッチキーケース,550.0,,,False,,,381,浜の町,★浜の町　クレーン売上表2026.xlsx
2025-09-22,2,BUZZ③,,1,10891.0,761.0,13,0,ジャグラーサウンドフラッシュ,748.0,,,False,,,382,浜の町,★浜の町　クレーン売上表2026.xlsx
2025-09-22,3,BUZZ③,,1,13895.0,2382.0,9,0,サンリオギャルキーケース,700.0,,,False,,,383,浜の町,★浜の町　クレーン売上表2026.xlsx
2025-09-22,4,BUZZ③,,1,13097.0,1505.0,7,0,ピクミンマスコット,748.0,,,False,,,384,浜の町,★浜の町　クレーン売上表2026.xlsx
2025-09-29,1,BUZZ③,,1,11569.0,889.0,6,1,ラブブマスコット,500.0,ピクミン11.3.5.11,,False,,,385,浜の町,★浜の町　クレーン売上表2026.xlsx
2025-09-29,2,BUZZ③,,1,11022.0,764.0,12,0,ジャグラーサウンドフラッシュ,748.0,,,False,,,386,浜の町,★浜の町　クレーン売上表2026.xlsx
2025-09-29,3,BUZZ③,,1,13944.0,2383.0,8,3,サンリオギャルキーケース,700.0,,,False,,,387,浜の町,★浜の町　クレーン売上表2026.xlsx
2025-09-29,4,BUZZ③,,1,13128.0,1505.0,7,8,ピクミンマスコット,748.0,ラブブマスコット11.1.7.11緩和20,,False,,,388,浜の町,★浜の町　クレーン売上表2026.xlsx
2025-10-03,1,BUZZ③,,1,11586.0,889.0,7,0,ピクミンマスコット,748.0,次回設定調整お願い！,,False,,,389,浜の町,★浜の町　クレーン売上表2026.xlsx
2025-10-03,2,BUZZ③,,1,11081.0,765.0,11,0,ジャグラーサウンドフラッシュ,748.0,,,False,,,390,浜の町,★浜の町　クレーン売上表2026.xlsx
2025-10-03,3,BUZZ③,,1,13983.0,2383.0,11,0,サンリオギャルキーケース,700.0,,,False,,,391,浜の町,★浜の町　クレーン売上表2026.xlsx
2025-10-03,4,BUZZ③,,1,13197.0,1505.0,15,0,ラブブマスコット,500.0,,,False,,,392,浜の町,★浜の町　クレーン売上表2026.xlsx
2025-10-06,1,BUZZ③,,1,11615.0,891.0,5,4,ピクミンマスコット,748.0,11.3.4.11,,False,,,393,浜の町,★浜の町　クレーン売上表2026.xlsx
2025-10-06,2,BUZZ③,,1,11136.0,765.0,11,10,ジャグラーサウンドフラッシュ,748.0,,,False,,,394,浜の町,★浜の町　クレーン売上表2026.xlsx
2025-10-06,3,BUZZ③,,1,14007.0,2384.0,10,3,サンリオギャルキーケース,700.0,,,False,,,395,浜の町,★浜の町　クレーン売上表2026.xlsx
2025-10-06,4,BUZZ③,,1,13400.0,1513.0,8,5,ラブブマスコット,500.0,,,False,,,396,浜の町,★浜の町　クレーン売上表2026.xlsx
2025-10-10,1,BUZZ③,,1,11656.0,891.0,9,0,ピクミンマスコット,748.0,,,False,,,397,浜の町,★浜の町　クレーン売上表2026.xlsx
2025-10-10,2,BUZZ③,,1,11158.0,765.0,21,0,ジャグラーサウンドフラッシュ,748.0,,,False,,,398,浜の町,★浜の町　クレーン売上表2026.xlsx
2025-10-10,3,BUZZ③,,1,14024.0,2384.0,13,0,サンリオギャルキーケース,700.0,そろそろ入れ替えかも！,,False,,,399,浜の町,★浜の町　クレーン売上表2026.xlsx
2025-10-10,4,BUZZ③,,1,13453.0,1516.0,10,6,ラブブマスコット,500.0,,,False,,,400,浜の町,★浜の町　クレーン売上表2026.xlsx
2025-10-14,1,BUZZ③,,1,11708.0,893.0,7,0,ピクミンマスコット,748.0,,,False,,,401,浜の町,★浜の町　クレーン売上表2026.xlsx
2025-10-14,2,BUZZ③,,1,11210.0,765.0,21,0,ジャグラーサウンドフラッシュ,748.0,,,False,,,402,浜の町,★浜の町　クレーン売上表2026.xlsx
2025-10-14,3,BUZZ③,,1,14050.0,2384.0,13,-1,サンリオギャルキーケース,700.0,プロ4 20.4.6.20,,False,,,403,浜の町,★浜の町　クレーン売上表2026.xlsx
2025-10-14,4,BUZZ③,,1,13531.0,1520.0,12,4,ラブブマスコット,500.0,11.1.6.11,,False,,,404,浜の町,★浜の町　クレーン売上表2026.xlsx
2025-10-18,1,BUZZ③,,1,11715.0,893.0,7,,ピクミンマスコット,748.0,,,False,,,299,浜の町,★浜の町　クレーン売上表2026.xlsx
2025-10-18,1,BUZZ③,,1,11715.0,893.0,7,,ピクミンマスコット,748.0,,,False,,,405,浜の町,★浜の町　クレーン売上表2026.xlsx
2025-10-18,2,BUZZ③,,1,11230.0,766.0,20,,ジャグラーサウンドフラッシュ,748.0,,,False,,,300,浜の町,★浜の町　クレーン売上表2026.xlsx
2025-10-18,2,BUZZ③,,1,11230.0,766.0,20,,ジャグラーサウンドフラッシュ,748.0,,,False,,,406,浜の町,★浜の町　クレーン売上表2026.xlsx
2025-10-18,3,BUZZ③,,1,14066.0,2384.0,13,,サンリオギャルキーケース,700.0,そろそろ入れ替え！,,False,,,301,浜の町,★浜の町　クレーン売上表2026.xlsx
2025-10-18,3,BUZZ③,,1,14066.0,2384.0,13,,サンリオギャルキーケース,700.0,そろそろ入れ替え！,,False,,,407,浜の町,★浜の町　クレーン売上表2026.xlsx
2025-10-18,4,BUZZ③,,1,13571.0,1521.0,15,,ラブブマスコット,500.0,,,False,,,302,浜の町,★浜の町　クレーン売上表2026.xlsx
2025-10-18,4,BUZZ③,,1,13571.0,1521.0,15,,ラブブマスコット,500.0,,,False,,,408,浜の町,★浜の町　クレーン売上表2026.xlsx
2025-10-20,1,BUZZ③,,1,11729.0,893.0,7,8,ピクミンマスコット,748.0,プロ4 20.4.6.20,,False,,,303,浜の町,★浜の町　クレーン売上表2026.xlsx
2025-10-20,2,BUZZ③,,1,11258.0,766.0,20,0,ジャグラーサウンドフラッシュ,748.0,,,False,,,304,浜の町,★浜の町　クレーン売上表2026.xlsx
2025-10-20,3,BUZZ③,,1,14073.0,2385.0,12,3,サンリオギャルキーケース,700.0,サンリオがま口財布18.5.7.18.80,,False,,,305,浜の町,★浜の町　クレーン売上表2026.xlsx
2025-10-20,4,BUZZ③,,1,13595.0,1522.0,14,0,ラブブマスコット,500.0,,,False,,,306,浜の町,★浜の町　クレーン売上表2026.xlsx
2025-10-24,1,BUZZ③,,1,11760.0,894.0,14,0,ピクミンマスコット,748.0,,,False,,,307,浜の町,★浜の町　クレーン売上表2026.xlsx
2025-10-24,2,BUZZ③,,1,11329.0,766.0,20,0,ジャグラーサウンドフラッシュ,748.0,,,False,,,308,浜の町,★浜の町　クレーン売上表2026.xlsx
2025-10-24,3,BUZZ③,,1,14156.0,2387.0,13,0,サンリオがま口財布,700.0,,,False,,,309,浜の町,★浜の町　クレーン売上表2026.xlsx
2025-10-24,4,BUZZ③,,1,13670.0,1530.0,12,,ラブブマスコット,500.0,,,False,,,310,浜の町,★浜の町　クレーン売上表2026.xlsx
2025-10-27,1,BUZZ③,,1,11797.0,894.0,14,0,ピクミンマスコット,748.0,,,False,,,311,浜の町,★浜の町　クレーン売上表2026.xlsx
2025-10-27,2,BUZZ③,,1,11363.0,766.0,20,0,ジャグラーサウンドフラッシュ,748.0,,,False,,,312,浜の町,★浜の町　クレーン売上表2026.xlsx
2025-10-27,3,BUZZ③,,1,14210.0,2387.0,13,0,サンリオがま口財布,700.0,,,False,,,313,浜の町,★浜の町　クレーン売上表2026.xlsx
2025-10-27,4,BUZZ③,,1,13726.0,1530.0,12,0,ラブブマスコット,500.0,,,False,,,314,浜の町,★浜の町　クレーン売上表2026.xlsx
2025-11-01,1,BUZZ③,,1,11815.0,894.0,14,-5,プロ4,748.0,スンスン髪留め22.7.8.22,,False,,,315,浜の町,★浜の町　クレーン売上表2026.xlsx
2025-11-01,2,BUZZ③,,1,11440.0,767.0,19,0,ジャグラーサウンドフラッシュ,748.0,,,False,,,316,浜の町,★浜の町　クレーン売上表2026.xlsx
2025-11-01,3,BUZZ③,,1,14255.0,2388.0,12,0,サンリオがま口財布,700.0,,,False,,,317,浜の町,★浜の町　クレーン売上表2026.xlsx
2025-11-01,4,BUZZ③,,1,13829.0,1532.0,10,5,ラブブマスコット,500.0,,,False,,,318,浜の町,★浜の町　クレーン売上表2026.xlsx
2025-11-04,1,BUZZ③,,1,11867.0,895.0,8,1,スンスン髪留め,748.0,,,False,,,319,浜の町,★浜の町　クレーン売上表2026.xlsx
2025-11-04,2,BUZZ③,,1,11483.0,768.0,18,1,ジャグラーサウンドフラッシュ,748.0,,,False,,,320,浜の町,★浜の町　クレーン売上表2026.xlsx
2025-11-04,3,BUZZ③,,1,14308.0,2389.0,11,0,サンリオがま口財布,700.0,,,False,,,321,浜の町,★浜の町　クレーン売上表2026.xlsx
2025-11-04,4,BUZZ③,,1,13895.0,1533.0,14,0,ラブブマスコット,500.0,,,False,,,322,浜の町,★浜の町　クレーン売上表2026.xlsx
2025-11-07,1,BUZZ③,,1,11892.0,895.0,9,0,スンスン髪留め,748.0,,,False,,,323,浜の町,★浜の町　クレーン売上表2026.xlsx
2025-11-07,2,BUZZ③,,1,11502.0,768.0,19,0,ジャグラーサウンドフラッシュ,748.0,,,False,,,324,浜の町,★浜の町　クレーン売上表2026.xlsx
2025-11-07,3,BUZZ③,,1,14350.0,2389.0,11,0,サンリオがま口財布,700.0,,,False,,,325,浜の町,★浜の町　クレーン売上表2026.xlsx
2025-11-07,4,BUZZ③,,1,13942.0,1533.0,14,0,ラブブマスコット,500.0,,,False,,,326,浜の町,★浜の町　クレーン売上表2026.xlsx
2025-11-10,1,BUZZ③,,1,11963.0,896.0,8,1,スンスン髪留め,748.0,24.7.8.24,,False,,,327,浜の町,★浜の町　クレーン売上表2026.xlsx
2025-11-10,2,BUZZ③,,1,11546.0,769.0,18,0,ジャグラーサウンドフラッシュ,748.0,シリコン1→2  sp5→8,,False,,,328,浜の町,★浜の町　クレーン売上表2026.xlsx
2025-11-10,3,BUZZ③,,1,14367.0,2389.0,11,0,サンリオがま口財布,700.0,,,False,,,329,浜の町,★浜の町　クレーン売上表2026.xlsx
2025-11-10,4,BUZZ③,,1,13993.0,1535.0,13,2,ラブブマスコット,500.0,,,False,,,330,浜の町,★浜の町　クレーン売上表2026.xlsx
2025-11-14,1,BUZZ③,,1,11983.0,896.0,9,0,スンスン髪留め,748.0,,,False,,,331,浜の町,★浜の町　クレーン売上表2026.xlsx
2025-11-14,2,BUZZ③,,1,11580.0,769.0,18,0,ジャグラーサウンドフラッシュ,748.0,,,False,,,332,浜の町,★浜の町　クレーン売上表2026.xlsx
2025-11-14,3,BUZZ③,,1,14383.0,2389.0,11,0,サンリオがま口財布,700.0,,,False,,,333,浜の町,★浜の町　クレーン売上表2026.xlsx
2025-11-14,4,BUZZ③,,1,14104.0,1537.0,13,5,ラブブマスコット,500.0,,,False,,,334,浜の町,★浜の町　クレーン売上表2026.xlsx
2025-11-19,1,BUZZ③,,1,12015.0,896.0,9,0,スンスン髪留め,748.0,,,False,,,335,浜の町,★浜の町　クレーン売上表2026.xlsx
2025-11-19,2,BUZZ③,,1,11605.0,769.0,18,0,ジャグラーサウンドフラッシュ,748.0,,,False,,,336,浜の町,★浜の町　クレーン売上表2026.xlsx
2025-11-19,3,BUZZ③,,1,14411.0,2389.0,11,0,サンリオがま口財布,700.0,,,False,,,337,浜の町,★浜の町　クレーン売上表2026.xlsx
2025-11-19,4,BUZZ③,,1,14162.0,1537.0,18,0,ラブブマスコット,500.0,,,False,,,338,浜の町,★浜の町　クレーン売上表2026.xlsx
2026-02-18,1,BUZZ③,,1,12334.0,,15,,キティフェイス千鳥,600.0,,,False,,,225,浜の町,★浜の町　クレーン売上表2026.xlsx
2026-02-18,2,BUZZ③,,1,12433.0,,15,,ジャグラーボタン,748.0,,,False,,,226,浜の町,★浜の町　クレーン売上表2026.xlsx
2026-02-18,3,BUZZ③,,1,14842.0,,10,,サンリオスカーフ付きリュック,600.0,,,False,,,227,浜の町,★浜の町　クレーン売上表2026.xlsx
2026-02-18,4,BUZZ③,,1,15107.0,,15,,ラブブマスコット,350.0,,,False,,,228,浜の町,★浜の町　クレーン売上表2026.xlsx
2026-03-03,1,BUZZ③,,1,12343.0,905.0,10,,キティフェイス千鳥,600.0,,,False,,,229,浜の町,★浜の町　クレーン売上表2026.xlsx
2026-03-03,2,BUZZ③,,1,12488.0,785.0,13,,ジャグラーボタン,748.0,,,False,,,230,浜の町,★浜の町　クレーン売上表2026.xlsx
2026-03-03,3,BUZZ③,,1,14859.0,2398.0,8,,サンリオスカーフ付きリュック,600.0,,,False,,,231,浜の町,★浜の町　クレーン売上表2026.xlsx
2026-03-03,4,BUZZ③,,1,15157.0,1546.0,10,,ラブブマスコット,350.0,,,False,,,232,浜の町,★浜の町　クレーン売上表2026.xlsx
2026-03-06,1,BUZZ③,,1,12353.0,905.0,10,,キティフェイス千鳥,600.0,,,False,,,233,浜の町,★浜の町　クレーン売上表2026.xlsx
2026-03-06,2,BUZZ③,,1,12527.0,786.0,12,,ジャグラーボタン,748.0,,,False,,,234,浜の町,★浜の町　クレーン売上表2026.xlsx
2026-03-06,3,BUZZ③,,1,14869.0,2398.0,8,0,サンリオスカーフ付きリュック,600.0,22.7.9.22袋から出した,,False,,,235,浜の町,★浜の町　クレーン売上表2026.xlsx
2026-03-06,4,BUZZ③,,1,15210.0,1548.0,8,14,ラフブマスコット,350.0,,,False,,,236,浜の町,★浜の町　クレーン売上表2026.xlsx
2026-03-09,1,BUZZ③,,1,12355.0,905.0,10,0,キティフェイス千鳥,600.0,"13.5.7 速度2,しばこのアームと変えた。小さいうアームに変えたい。",,False,,,237,浜の町,★浜の町　クレーン売上表2026.xlsx
2026-03-09,2,BUZZ③,,1,12564.0,789.0,10,0,ジャグラーボタン,748.0,,,False,,,238,浜の町,★浜の町　クレーン売上表2026.xlsx
2026-03-09,3,BUZZ③,,1,14889.0,2398.0,8,0,サンリオスカーフ付きリュック,600.0,,,False,,,239,浜の町,★浜の町　クレーン売上表2026.xlsx
2026-03-09,4,BUZZ③,,1,15223.0,1548.0,22,0,ラフブマスコット,350.0,,,False,,,240,浜の町,★浜の町　クレーン売上表2026.xlsx
2026-03-10,1,BUZZ③,,1,12358.0,905.0,10,0,キティフェイス千鳥,600.0,,,False,,,241,浜の町,★浜の町　クレーン売上表2026.xlsx
2026-03-10,2,BUZZ③,,1,12565.0,789.0,10,0,ジャグラーボタン,748.0,,,False,,,242,浜の町,★浜の町　クレーン売上表2026.xlsx
2026-03-10,3,BUZZ③,,1,14896.0,2398.0,8,0,サンリオスカーフ付きリュック,600.0,,,False,,,243,浜の町,★浜の町　クレーン売上表2026.xlsx
2026-03-10,4,BUZZ③,,1,15223.0,1548.0,22,0,ラフブマスコット,350.0,,,False,,,244,浜の町,★浜の町　クレーン売上表2026.xlsx
2026-03-13,1,BUZZ③,,1,12365.0,905.0,10,0,キティフェイス千鳥,600.0,,,False,,,245,浜の町,★浜の町　クレーン売上表2026.xlsx
2026-03-13,2,BUZZ③,,1,12574.0,789.0,10,0,ジャグラーボタン,748.0,,,False,,,246,浜の町,★浜の町　クレーン売上表2026.xlsx
2026-03-13,3,BUZZ③,,1,14920.0,2399.0,7,0,サンリオスカーフ付きリュック,600.0,,,False,,,247,浜の町,★浜の町　クレーン売上表2026.xlsx
2026-03-13,4,BUZZ③,,1,15231.0,1548.0,22,0,ラフブマスコット,350.0,,,False,,,248,浜の町,★浜の町　クレーン売上表2026.xlsx
2026-03-16,1,BUZZ③,,1,12371.0,905.0,10,-2,キティフェイス千鳥,600.0,ポケモンシリコンポーチ14.6.8,,False,,,249,浜の町,★浜の町　クレーン売上表2026.xlsx
2026-03-16,2,BUZZ③,,1,12594.0,791.0,9,0,ジャグラーボタン,748.0,,,False,,,250,浜の町,★浜の町　クレーン売上表2026.xlsx
2026-03-16,3,BUZZ③,,1,14972.0,2401.0,5,0,サンリオスカーフ付きリュック,600.0,,,False,,,251,浜の町,★浜の町　クレーン売上表2026.xlsx
2026-03-16,4,BUZZ③,,1,15245.0,1549.0,21,0,ラフブマスコット,350.0,,,False,,,252,浜の町,★浜の町　クレーン売上表2026.xlsx
2026-03-17,1,BUZZ③,,1,12372.0,905.0,8,,キティフェイス千鳥,600.0,,,False,,,151,浜の町,★浜の町　クレーン売上表2026.xlsx
2026-03-17,1,BUZZ③,,1,12372.0,905.0,8,,キティフェイス千鳥,600.0,,,False,,,253,浜の町,★浜の町　クレーン売上表2026.xlsx
2026-03-17,2,BUZZ③,,1,12616.0,791.0,9,,ジャグラーボタン,748.0,,,False,,,152,浜の町,★浜の町　クレーン売上表2026.xlsx
2026-03-17,2,BUZZ③,,1,12616.0,791.0,9,,ジャグラーボタン,748.0,,,False,,,254,浜の町,★浜の町　クレーン売上表2026.xlsx
2026-03-17,3,BUZZ③,,1,14976.0,2401.0,5,,サンリオスカーフ付きリュック,600.0,,,False,,,153,浜の町,★浜の町　クレーン売上表2026.xlsx
2026-03-17,3,BUZZ③,,1,14976.0,2401.0,5,,サンリオスカーフ付きリュック,600.0,,,False,,,255,浜の町,★浜の町　クレーン売上表2026.xlsx
2026-03-17,4,BUZZ③,,1,15251.0,1549.0,21,,ラフブマスコット,350.0,,,False,,,154,浜の町,★浜の町　クレーン売上表2026.xlsx
2026-03-17,4,BUZZ③,,1,15251.0,1549.0,21,,ラフブマスコット,350.0,,,False,,,256,浜の町,★浜の町　クレーン売上表2026.xlsx
2026-03-17,5,BUZZ③,,1,12389.0,907.0,6,1,ポケモンシリコンポーチ,600.0,アーム変えた18.7.9 ゲーム機イヤホンに変える？,,True,possible_2nd_round,"booth=5 > 4 (machine=BUZZ③, area=None, tag=possible_2nd_round)",155,浜の町,★浜の町　クレーン売上表2026.xlsx
2026-03-17,6,BUZZ③,,1,12670.0,792.0,8,0,ジャグラーボタン,748.0,,,True,possible_2nd_round,"booth=6 > 4 (machine=BUZZ③, area=None, tag=possible_2nd_round)",156,浜の町,★浜の町　クレーン売上表2026.xlsx
2026-03-17,7,BUZZ③,,1,14992.0,2401.0,5,4,サンリオスカーフ付きリュック,600.0,,,True,possible_2nd_round,"booth=7 > 4 (machine=BUZZ③, area=None, tag=possible_2nd_round)",157,浜の町,★浜の町　クレーン売上表2026.xlsx
2026-03-17,8,BUZZ③,,1,15257.0,1549.0,21,-12,ラフブマスコット,350.0,しばこに変える→前回キーケースに変えた,,True,possible_2nd_round,"booth=8 > 4 (machine=BUZZ③, area=None, tag=possible_2nd_round)",158,浜の町,★浜の町　クレーン売上表2026.xlsx
2026-03-23,1,BUZZ③,,1,12399.0,910.0,4,3,ポケモンシリコンポーチ,600.0,16.6.7,,False,,,159,浜の町,★浜の町　クレーン売上表2026.xlsx
2026-03-23,2,BUZZ③,,1,12724.0,795.0,6,0,ジャグラーボタン,748.0,,,False,,,160,浜の町,★浜の町　クレーン売上表2026.xlsx
2026-03-23,3,BUZZ③,,1,15049.0,2402.0,8,1,サンリオスカーフ付きリュック,600.0,しばこ16.6.8.16,,False,,,161,浜の町,★浜の町　クレーン売上表2026.xlsx
2026-03-23,4,BUZZ③,,1,15279.0,1549.0,9,7,サンリオ豹柄キーケース,350.0,,,False,,,162,浜の町,★浜の町　クレーン売上表2026.xlsx
2026-03-27,1,BUZZ③,,1,12425.0,911.0,6,1,ポケモンシリコンポーチ,600.0,,,False,,,163,浜の町,★浜の町　クレーン売上表2026.xlsx
2026-03-27,2,BUZZ③,,1,12767.0,795.0,6,0,ジャグラーボタン,748.0,,,False,,,164,浜の町,★浜の町　クレーン売上表2026.xlsx
2026-03-27,3,BUZZ③,,1,15074.0,2403.0,7,2,サンリオスカーフ付きリュック,600.0,,,False,,,165,浜の町,★浜の町　クレーン売上表2026.xlsx
2026-03-27,4,BUZZ③,,1,15302.0,1550.0,16,0,しばこ,350.0,,,False,,,166,浜の町,★浜の町　クレーン売上表2026.xlsx
2026-03-30,1,BUZZ③,,1,12449.0,911.0,7,0,ポケモンシリコンポーチ,600.0,,,False,,,167,浜の町,★浜の町　クレーン売上表2026.xlsx
2026-03-30,2,BUZZ③,,1,12793.0,797.0,4,0,ジャグラーボタン,748.0,,,False,,,168,浜の町,★浜の町　クレーン売上表2026.xlsx
2026-03-30,3,BUZZ③,,1,15090.0,2404.0,8,1,サンリオスカーフ付きリュック,600.0,,,False,,,169,浜の町,★浜の町　クレーン売上表2026.xlsx
2026-03-30,4,BUZZ③,,1,15344.0,1552.0,15,2,しばこ,350.0,,,False,,,170,浜の町,★浜の町　クレーン売上表2026.xlsx
2026-04-03,1,BUZZ③,,1,12467.0,911.0,7,0,ポケモンシリコンポーチ,600.0,次替える,,False,,,171,浜の町,★浜の町　クレーン売上表2026.xlsx
2026-04-03,2,BUZZ③,,1,12841.0,798.0,3,0,ジャグラーボタン,748.0,,,False,,,172,浜の町,★浜の町　クレーン売上表2026.xlsx
2026-04-03,3,BUZZ③,,1,15104.0,2407.0,6,4,サンリオスカーフ付きリュック,600.0,21.6.8速度2。そろそろ入れ替え時,,False,,,173,浜の町,★浜の町　クレーン売上表2026.xlsx
2026-04-03,4,BUZZ③,,1,15382.0,1552.0,17,0,しばこ,350.0,,,False,,,174,浜の町,★浜の町　クレーン売上表2026.xlsx
2026-04-06,1,BUZZ③,,1,12490.0,912.0,6,8,ポケモンシリコンポーチ,600.0,チェキフィルム20.8.9.20.50,,False,,,175,浜の町,★浜の町　クレーン売上表2026.xlsx
2026-04-06,2,BUZZ③,,1,12845.0,798.0,3,,ジャグラーボタン,748.0,,,False,,,176,浜の町,★浜の町　クレーン売上表2026.xlsx
2026-04-06,3,BUZZ③,,1,15110.0,2407.0,10,,サンリオスカーフ付きリュック,600.0,,,False,,,177,浜の町,★浜の町　クレーン売上表2026.xlsx
2026-04-06,4,BUZZ③,,1,15402.0,1552.0,17,,しばこ,350.0,,,False,,,178,浜の町,★浜の町　クレーン売上表2026.xlsx
2026-04-10,1,BUZZ③,,1,12491.0,912.0,14,-2,チェキフィルム,600.0,ギャルキティマスコット16.5.6,,False,,,179,浜の町,★浜の町　クレーン売上表2026.xlsx
2026-04-10,2,BUZZ③,,1,12850.0,798.0,3,0,ジャグラーボタン,748.0,,,False,,,180,浜の町,★浜の町　クレーン売上表2026.xlsx
2026-04-10,3,BUZZ③,,1,15115.0,2408.0,9,0,サンリオスカーフ付きリュック,600.0,,,False,,,181,浜の町,★浜の町　クレーン売上表2026.xlsx
2026-04-10,4,BUZZ③,,1,15429.0,1553.0,16,0,しばこ,350.0,,,False,,,182,浜の町,★浜の町　クレーン売上表2026.xlsx
2026-04-13,1,BUZZ③,,1,12514.0,913.0,11,2,ギャルキティマスコット,660.0,,,False,,,183,浜の町,★浜の町　クレーン売上表2026.xlsx
2026-04-13,2,BUZZ③,,1,12877.0,798.0,3,11,ジャグラーボタン,748.0,トイストーリー・ディズニーベアブリック18.5.6,,False,,,184,浜の町,★浜の町　クレーン売上表2026.xlsx
2026-04-13,3,BUZZ③,,1,15129.0,2409.0,8,0,サンリオスカーフ付きリュック,600.0,,,False,,,185,浜の町,★浜の町　クレーン売上表2026.xlsx
2026-04-13,4,BUZZ③,,1,15457.0,1553.0,16,0,しばこ,350.0,,,False,,,186,浜の町,★浜の町　クレーン売上表2026.xlsx
2026-04-18,1,BUZZ③,,1,12584.0,915.0,11,,ギャルキティマスコット,660.0,,,False,,,187,浜の町,★浜の町　クレーン売上表2026.xlsx
2026-04-18,2,BUZZ③,,1,12901.0,800.0,14,,トイストーリー・ディズニーベアブリック,748.0,,,False,,,188,浜の町,★浜の町　クレーン売上表2026.xlsx
2026-04-18,3,BUZZ③,,1,15139.0,2409.0,8,,サンリオスカーフ付きリュック,600.0,,,False,,,189,浜の町,★浜の町　クレーン売上表2026.xlsx
2026-04-18,4,BUZZ③,,1,15499.0,1554.0,15,0,しばこ,350.0,,,False,,,190,浜の町,★浜の町　クレーン売上表2026.xlsx
2026-04-20,1,BUZZ③,,1,12590.0,915.0,11,0,ギャルキティマスコット,660.0,,,False,,,77,浜の町,★浜の町　クレーン売上表2026.xlsx
2026-04-20,2,BUZZ③,,1,12923.0,801.0,14,4,トイストーリー・ディズニーベアブリック,748.0,,,False,,,78,浜の町,★浜の町　クレーン売上表2026.xlsx
2026-04-20,3,BUZZ③,,1,15145.0,2409.0,8,12,サンリオスカーフ付きリュック,600.0,かえるがま口20.8.9,,False,,,79,浜の町,★浜の町　クレーン売上表2026.xlsx
2026-04-20,4,BUZZ③,,1,15521.0,1555.0,14,0,しばこ,350.0,,,False,,,80,浜の町,★浜の町　クレーン売上表2026.xlsx
2026-04-24,1,BUZZ③,,1,12603.0,915.0,11,0,ギャルキティマスコット,660.0,,,False,,,81,浜の町,★浜の町　クレーン売上表2026.xlsx
2026-04-24,2,BUZZ③,,1,13014.0,803.0,16,4,トイストーリー・ディズニーベアブリック,748.0,,,False,,,82,浜の町,★浜の町　クレーン売上表2026.xlsx
2026-04-24,3,BUZZ③,,1,15206.0,2413.0,15,8,かえるがま口,300.0,,,False,,,83,浜の町,★浜の町　クレーン売上表2026.xlsx
2026-04-24,4,BUZZ③,,1,15557.0,1555.0,14,5,しばこ,350.0,,,False,,,84,浜の町,★浜の町　クレーン売上表2026.xlsx
2026-04-27,1,BUZZ③,,1,12619.0,916.0,10,2,ギャルキティマスコット,660.0,,,False,,,85,浜の町,★浜の町　クレーン売上表2026.xlsx
2026-04-27,2,BUZZ③,,1,13073.0,807.0,16,4,トイストーリー・ディズニーベアブリック,748.0,,,False,,,86,浜の町,★浜の町　クレーン売上表2026.xlsx
2026-04-27,3,BUZZ③,,1,15249.0,2416.0,15,6,かえるがま口,300.0,,,False,,,87,浜の町,★浜の町　クレーン売上表2026.xlsx
2026-04-27,4,BUZZ③,,1,15592.0,1555.0,19,0,しばこ,350.0,,,False,,,88,浜の町,★浜の町　クレーン売上表2026.xlsx
2026-05-01,1,BUZZ③,,1,12627.0,916.0,12,-7,ギャルキティマスコット,660.0,アンパンマンマスコット20.7.7,,False,,,89,浜の町,★浜の町　クレーン売上表2026.xlsx
2026-05-01,2,BUZZ③,,1,13113.0,808.0,19,0,トイストーリー・ディズニーベアブリック,748.0,,,False,,,90,浜の町,★浜の町　クレーン売上表2026.xlsx
2026-05-01,3,BUZZ③,,1,15259.0,2419.0,18,3,かえるがま口,300.0,,,False,,,91,浜の町,★浜の町　クレーン売上表2026.xlsx
2026-05-01,4,BUZZ③,,1,15601.0,1555.0,19,0,しばこ,350.0,,,False,,,92,浜の町,★浜の町　クレーン売上表2026.xlsx
2026-05-04,1,BUZZ③,,1,12645.0,916.0,5,5,アンパンマンマスコット,660.0,ジャグラーDXボタン20.6.7.20,,False,,,93,浜の町,★浜の町　クレーン売上表2026.xlsx
2026-05-04,2,BUZZ③,,1,13168.0,809.0,17,3,トイストーリー・ディズニーベアブリック,748.0,,,False,,,94,浜の町,★浜の町　クレーン売上表2026.xlsx
2026-05-04,3,BUZZ③,,1,15285.0,2423.0,20,3,かえるがま口,300.0,,,False,,,95,浜の町,★浜の町　クレーン売上表2026.xlsx
2026-05-04,4,BUZZ③,,1,15626.0,1555.0,15,0,しばこ,350.0,,,False,,,96,浜の町,★浜の町　クレーン売上表2026.xlsx
2026-05-08,1,BUZZ③,,1,12701.0,920.0,5,,ジャグラーDXボタン,1100.0,19.6.7,,False,,,97,浜の町,★浜の町　クレーン売上表2026.xlsx
2026-05-08,2,BUZZ③,,1,13213.0,809.0,20,0,トイストーリー・ディズニーベアブリック,748.0,,,False,,,98,浜の町,★浜の町　クレーン売上表2026.xlsx
2026-05-08,3,BUZZ③,,1,15316.0,2429.0,19,6,かえるがま口,300.0,,,False,,,99,浜の町,★浜の町　クレーン売上表2026.xlsx
2026-05-08,4,BUZZ③,,1,15654.0,1556.0,19,0,しばこ,350.0,,,False,,,100,浜の町,★浜の町　クレーン売上表2026.xlsx
2026-05-11,1,BUZZ③,,1,12742.0,920.0,3,4,ジャグラーDXボタン,1100.0,24.10.10,,False,,,101,浜の町,★浜の町　クレーン売上表2026.xlsx
2026-05-11,2,BUZZ③,,1,13291.0,811.0,19,0,トイストーリー・ディズニーベアブリック,748.0,18.7.8,,False,,,102,浜の町,★浜の町　クレーン売上表2026.xlsx
2026-05-11,3,BUZZ③,,1,15350.0,2433.0,21,,かえるがま口,300.0,20.10.10,,False,,,103,浜の町,★浜の町　クレーン売上表2026.xlsx
2026-05-11,4,BUZZ③,,1,15680.0,1556.0,18,-1,しばこ,350.0,17.7.8,,False,,,104,浜の町,★浜の町　クレーン売上表2026.xlsx
2026-05-15,1,BUZZ③,,1,15013.0,545.0,2,3,ジャグラーDXボタン,1100.0,,,False,,,105,浜の町,★浜の町　クレーン売上表2026.xlsx
2026-05-15,2,BUZZ③,,1,12218.0,360.0,16,0,トイストーリー・ディズニーベアブリック,748.0,18500,,False,,,106,浜の町,★浜の町　クレーン売上表2026.xlsx
2026-05-15,3,BUZZ③,,1,15280.0,793.0,16,5,かえるがま口,300.0,,,False,,,107,浜の町,★浜の町　クレーン売上表2026.xlsx
2026-05-15,4,BUZZ③,,1,16168.0,938.0,16,-3,しばこ,350.0,サミュエルフェイス22.9.10,,False,,,108,浜の町,★浜の町　クレーン売上表2026.xlsx
2026-05-18,1,BUZZ③,,1,15137.0,548.0,1,0,ジャグラーDXボタン,1100.0,,,False,,,3,浜の町,★浜の町　クレーン売上表2026.xlsx
2026-05-18,2,BUZZ③,,1,12271.0,363.0,14,5,トイストーリー・ディズニーベアブリック,748.0,,,False,,,4,浜の町,★浜の町　クレーン売上表2026.xlsx
2026-05-18,3,BUZZ③,,1,15309.0,799.0,14,6,かえるがま口,300.0,,,False,,,5,浜の町,★浜の町　クレーン売上表2026.xlsx
2026-05-18,4,BUZZ③,,1,16185.0,939.0,12,0,サミュエルフェイス,350.0,,,False,,,6,浜の町,★浜の町　クレーン売上表2026.xlsx
2026-05-22,1,BUZZ③,,1,15352.0,550.0,1,0,ジャグラーDXボタン,1100.0,,,False,,,7,浜の町,★浜の町　クレーン売上表2026.xlsx
2026-05-22,2,BUZZ③,,1,12319.0,364.0,18,0,トイストーリー・ディズニーベアブリック,748.0,,,False,,,8,浜の町,★浜の町　クレーン売上表2026.xlsx
2026-05-22,3,BUZZ③,,1,15352.0,802.0,16,4,かえるがま口,300.0,,,False,,,9,浜の町,★浜の町　クレーン売上表2026.xlsx
2026-05-22,4,BUZZ③,,1,16205.0,939.0,12,0,サミュエルフェイス,350.0,,,False,,,10,浜の町,★浜の町　クレーン売上表2026.xlsx
2026-05-25,1,BUZZ③,,1,15386.0,550.0,0,2,ジャグラーDXボタン,1100.0,上部停止長くした,,False,,,11,浜の町,★浜の町　クレーン売上表2026.xlsx
2026-05-25,2,BUZZ③,,1,12402.0,365.0,16,3,トイストーリー・ディズニーベアブリック,748.0,,,False,,,12,浜の町,★浜の町　クレーン売上表2026.xlsx
2026-05-25,3,BUZZ③,,1,15366.0,804.0,17,4,かえるがま口,300.0,石減らして上部停止長くした,,False,,,13,浜の町,★浜の町　クレーン売上表2026.xlsx
2026-05-25,4,BUZZ③,,1,16220.0,940.0,10,30,サミュエルフェイス,350.0,キーボードブロック22.9.10,,False,,,14,浜の町,★浜の町　クレーン売上表2026.xlsx
2025-08-17,1,BUZZ④,,1,12860.0,1360.0,4,0,サンリオフェイスポーチ,957.0,,,False,,,521,浜の町,★浜の町　クレーン売上表2026.xlsx
2025-08-17,2,BUZZ④,,1,12512.0,465.0,3,0,サンリオファン,1100.0,,,False,,,522,浜の町,★浜の町　クレーン売上表2026.xlsx
2025-08-17,3,BUZZ④,,1,11667.0,827.0,7,0,サンリオスマートキーケース,726.0,,,False,,,523,浜の町,★浜の町　クレーン売上表2026.xlsx
2025-08-17,4,BUZZ④,,1,10171.0,999.0,9,0,デジタルミニカメラ,1045.0,,,False,,,524,浜の町,★浜の町　クレーン売上表2026.xlsx
2025-09-01,1,BUZZ④,,1,7598.0,453.0,9,0,デジタルミニカメラ,729.0,23.2.7.23,,False,,,447,浜の町,★浜の町　クレーン売上表2026.xlsx
2025-09-01,2,BUZZ④,,1,9395.0,500.0,13,0,クーリッシュイヤホン,1100.0,18.3.9.18,,False,,,448,浜の町,★浜の町　クレーン売上表2026.xlsx
2025-09-01,3,BUZZ④,,1,11963.0,726.0,10,0,モンチッチマスコット,528.0,14.1.7.14,,False,,,449,浜の町,★浜の町　クレーン売上表2026.xlsx
2025-09-01,4,BUZZ④,,1,10004.0,783.0,7,0,ジョージファン,1100.0,18.2.8.18,,False,,,450,浜の町,★浜の町　クレーン売上表2026.xlsx
2025-09-05,1,BUZZ④,,1,7598.0,453.0,9,0,デジタルミニカメラ,729.0,,,False,,,451,浜の町,★浜の町　クレーン売上表2026.xlsx
2025-09-05,2,BUZZ④,,1,9395.0,500.0,13,0,クーリッシュイヤホン,1100.0,,,False,,,452,浜の町,★浜の町　クレーン売上表2026.xlsx
2025-09-05,3,BUZZ④,,1,11963.0,726.0,10,0,モンチッチマスコット,528.0,,,False,,,453,浜の町,★浜の町　クレーン売上表2026.xlsx
2025-09-05,4,BUZZ④,,1,10004.0,783.0,7,0,ジョージファン,1100.0,,,False,,,454,浜の町,★浜の町　クレーン売上表2026.xlsx
2025-09-09,1,BUZZ④,,1,7598.0,453.0,9,0,デジタルミニカメラ,729.0,,,False,,,455,浜の町,★浜の町　クレーン売上表2026.xlsx
2025-09-09,2,BUZZ④,,1,9395.0,500.0,13,0,クーリッシュイヤホン,1100.0,,,False,,,456,浜の町,★浜の町　クレーン売上表2026.xlsx
2025-09-09,3,BUZZ④,,1,11963.0,726.0,10,0,モンチッチマスコット,528.0,,,False,,,457,浜の町,★浜の町　クレーン売上表2026.xlsx
2025-09-09,4,BUZZ④,,1,10004.0,783.0,7,0,ジョージファン,1100.0,,,False,,,458,浜の町,★浜の町　クレーン売上表2026.xlsx
2025-09-12,1,BUZZ④,,1,7685.0,454.0,8,0,デジタルミニカメラ,729.0,,,False,,,459,浜の町,★浜の町　クレーン売上表2026.xlsx
2025-09-12,2,BUZZ④,,1,9418.0,502.0,11,0,クーリッシュイヤホン,1100.0,,,False,,,460,浜の町,★浜の町　クレーン売上表2026.xlsx
2025-09-12,3,BUZZ④,,1,11975.0,726.0,10,0,モンチッチマスコット,528.0,,,False,,,461,浜の町,★浜の町　クレーン売上表2026.xlsx
2025-09-12,4,BUZZ④,,1,10020.0,784.0,7,0,ジョージファン,1100.0,,,False,,,462,浜の町,★浜の町　クレーン売上表2026.xlsx
2025-09-16,1,BUZZ④,,1,7731.0,454.0,8,0,デジタルミニカメラ,722.0,,,False,,,373,浜の町,★浜の町　クレーン売上表2026.xlsx
2025-09-16,2,BUZZ④,,1,9529.0,506.0,11,0,クーリッシュイヤホン,1100.0,,,False,,,374,浜の町,★浜の町　クレーン売上表2026.xlsx
2025-09-16,3,BUZZ④,,1,12016.0,726.0,10,0,モンチッチマスコット,528.0,,,False,,,375,浜の町,★浜の町　クレーン売上表2026.xlsx
2025-09-16,4,BUZZ④,,1,10044.0,784.0,7,0,ジョージファン,900.0,,,False,,,376,浜の町,★浜の町　クレーン売上表2026.xlsx
2025-09-19,1,BUZZ④,,1,7801.0,,,,デジタルミニカメラ,722.0,,,False,,,377,浜の町,★浜の町　クレーン売上表2026.xlsx
2025-09-19,2,BUZZ④,,1,9551.0,,,,クーリッシュイヤホン,1100.0,,,False,,,378,浜の町,★浜の町　クレーン売上表2026.xlsx
2025-09-19,3,BUZZ④,,1,12047.0,,,,モンチッチマスコット,528.0,,,False,,,379,浜の町,★浜の町　クレーン売上表2026.xlsx
2025-09-19,4,BUZZ④,,1,10049.0,,,,ジョージファン,900.0,,,False,,,380,浜の町,★浜の町　クレーン売上表2026.xlsx
2025-09-19,5,BUZZ④,,1,7858.0,459.0,5,3,デジタルミニカメラ,722.0,,,True,possible_2nd_round,"booth=5 > 4 (machine=BUZZ④, area=None, tag=possible_2nd_round)",381,浜の町,★浜の町　クレーン売上表2026.xlsx
2025-09-19,6,BUZZ④,,1,9652.0,510.0,10,0,クーリッシュイヤホン,1100.0,,,True,possible_2nd_round,"booth=6 > 4 (machine=BUZZ④, area=None, tag=possible_2nd_round)",382,浜の町,★浜の町　クレーン売上表2026.xlsx
2025-09-19,7,BUZZ④,,1,12116.0,728.0,9,0,モンチッチマスコット,528.0,,,True,possible_2nd_round,"booth=7 > 4 (machine=BUZZ④, area=None, tag=possible_2nd_round)",383,浜の町,★浜の町　クレーン売上表2026.xlsx
2025-09-19,8,BUZZ④,,1,10069.0,784.0,6,0,ジョージファン,900.0,,,True,possible_2nd_round,"booth=8 > 4 (machine=BUZZ④, area=None, tag=possible_2nd_round)",384,浜の町,★浜の町　クレーン売上表2026.xlsx
2025-09-29,1,BUZZ④,,1,7969.0,469.0,4,4,デジタルミニカメラ,722.0,,,False,,,385,浜の町,★浜の町　クレーン売上表2026.xlsx
2025-09-29,2,BUZZ④,,1,9724.0,513.0,9,13,クーリッシュイヤホン,1100.0,,,False,,,386,浜の町,★浜の町　クレーン売上表2026.xlsx
2025-09-29,3,BUZZ④,,1,12193.0,729.0,8,8,モンチッチマスコット,528.0,,,False,,,387,浜の町,★浜の町　クレーン売上表2026.xlsx
2025-09-29,4,BUZZ④,,1,10090.0,786.0,3,22,ジョージファン,900.0,サンリオパッチン12.6.7.12,,False,,,388,浜の町,★浜の町　クレーン売上表2026.xlsx
2025-10-03,1,BUZZ④,,1,8004.0,469.0,8,,デジタルミニカメラ,722.0,,,False,,,389,浜の町,★浜の町　クレーン売上表2026.xlsx
2025-10-03,2,BUZZ④,,1,9752.0,513.0,22,,クーリッシュイヤホン,1100.0,,,False,,,390,浜の町,★浜の町　クレーン売上表2026.xlsx
2025-10-03,3,BUZZ④,,1,12242.0,729.0,16,,モンチッチマスコット,528.0,,,False,,,391,浜の町,★浜の町　クレーン売上表2026.xlsx
2025-10-03,4,BUZZ④,,1,10108.0,786.0,25,,サンリオでかぱっちん,,次回入れ替えお願い！,,False,,,392,浜の町,★浜の町　クレーン売上表2026.xlsx
2025-10-06,1,BUZZ④,,1,8117.0,465.0,4,4,デジタルミニカメラ,722.0,プライズメーター故障？,,False,,,393,浜の町,★浜の町　クレーン売上表2026.xlsx
2025-10-06,2,BUZZ④,,1,9784.0,514.0,22,0,クーリッシュイヤホン,1100.0,,,False,,,394,浜の町,★浜の町　クレーン売上表2026.xlsx
2025-10-06,3,BUZZ④,,1,12258.0,729.0,16,0,モンチッチマスコット,528.0,,,False,,,395,浜の町,★浜の町　クレーン売上表2026.xlsx
2025-10-06,4,BUZZ④,,1,10172.0,790.0,21,6,サンリオでかぱっちん,660.0,,,False,,,396,浜の町,★浜の町　クレーン売上表2026.xlsx
2025-10-10,1,BUZZ④,,1,8189.0,466.0,7,1,デジタルミニカメラ,722.0,,,False,,,397,浜の町,★浜の町　クレーン売上表2026.xlsx
2025-10-10,2,BUZZ④,,1,9850.0,514.0,22,0,クーリッシュイヤホン,1100.0,,,False,,,398,浜の町,★浜の町　クレーン売上表2026.xlsx
2025-10-10,3,BUZZ④,,1,12247.0,730.0,15,0,モンチッチマスコット,528.0,,,False,,,399,浜の町,★浜の町　クレーン売上表2026.xlsx
2025-10-10,4,BUZZ④,,1,10192.0,791.0,26,0,サンリオでかぱっちん,660.0,,,False,,,400,浜の町,★浜の町　クレーン売上表2026.xlsx
2025-10-14,1,BUZZ④,,1,8247.0,467.0,7,0,デジタルミニカメラ,722.0,,,False,,,401,浜の町,★浜の町　クレーン売上表2026.xlsx
2025-10-14,2,BUZZ④,,1,9881.0,515.0,21,0,クーリッシュイヤホン,1100.0,,,False,,,402,浜の町,★浜の町　クレーン売上表2026.xlsx
2025-10-14,3,BUZZ④,,1,12328.0,731.0,14,0,モンチッチマスコット,528.0,,,False,,,403,浜の町,★浜の町　クレーン売上表2026.xlsx
2025-10-14,4,BUZZ④,,1,10248.0,791.0,26,0,サンリオでかぱっちん,660.0,,,False,,,404,浜の町,★浜の町　クレーン売上表2026.xlsx
2025-10-18,1,BUZZ④,,1,8305.0,468.0,6,,デジタルミニカメラ,722.0,,,False,,,299,浜の町,★浜の町　クレーン売上表2026.xlsx
2025-10-18,1,BUZZ④,,1,8305.0,468.0,6,,デジタルミニカメラ,722.0,,,False,,,405,浜の町,★浜の町　クレーン売上表2026.xlsx
2025-10-18,2,BUZZ④,,1,9919.0,517.0,19,,クーリッシュイヤホン,1100.0,,,False,,,300,浜の町,★浜の町　クレーン売上表2026.xlsx
2025-10-18,2,BUZZ④,,1,9919.0,517.0,19,,クーリッシュイヤホン,1100.0,,,False,,,406,浜の町,★浜の町　クレーン売上表2026.xlsx
2025-10-18,3,BUZZ④,,1,12336.0,731.0,14,,モンチッチマスコット,528.0,,,False,,,301,浜の町,★浜の町　クレーン売上表2026.xlsx
2025-10-18,3,BUZZ④,,1,12336.0,731.0,14,,モンチッチマスコット,528.0,,,False,,,407,浜の町,★浜の町　クレーン売上表2026.xlsx
2025-10-18,4,BUZZ④,,1,10259.0,792.0,25,,サンリオでかぱっちん,660.0,,,False,,,302,浜の町,★浜の町　クレーン売上表2026.xlsx
2025-10-18,4,BUZZ④,,1,10259.0,792.0,25,,サンリオでかぱっちん,660.0,,,False,,,408,浜の町,★浜の町　クレーン売上表2026.xlsx
2025-10-20,1,BUZZ④,,1,8322.0,469.0,5,6,デジタルミニカメラ,722.0,,,False,,,303,浜の町,★浜の町　クレーン売上表2026.xlsx
2025-10-20,2,BUZZ④,,1,9944.0,519.0,18,0,クーリッシュイヤホン,1100.0,,,False,,,304,浜の町,★浜の町　クレーン売上表2026.xlsx
2025-10-20,3,BUZZ④,,1,12373.0,732.0,13,3,モンチッチマスコット,528.0,,,False,,,305,浜の町,★浜の町　クレーン売上表2026.xlsx
2025-10-20,4,BUZZ④,,1,10275.0,793.0,24,0,サンリオでかぱっちん,660.0,,,False,,,306,浜の町,★浜の町　クレーン売上表2026.xlsx
2025-10-24,1,BUZZ④,,1,8389.0,470.0,10,0,デジタルミニカメラ,722.0,,,False,,,307,浜の町,★浜の町　クレーン売上表2026.xlsx
2025-10-24,2,BUZZ④,,1,10029.0,520.0,17,0,クーリッシュイヤホン,1100.0,,,False,,,308,浜の町,★浜の町　クレーン売上表2026.xlsx
2025-10-24,3,BUZZ④,,1,12385.0,732.0,16,0,モンチッチマスコット,528.0,,,False,,,309,浜の町,★浜の町　クレーン売上表2026.xlsx
2025-10-24,4,BUZZ④,,1,10277.0,793.0,24,-17,サンリオでかぱっちん,660.0,サンリオがま口ミニポーチ21.7.9.21,,False,,,310,浜の町,★浜の町　クレーン売上表2026.xlsx
2025-10-27,1,BUZZ④,,1,8451.0,471.0,10,0,デジタルミニカメラ,722.0,,,False,,,311,浜の町,★浜の町　クレーン売上表2026.xlsx
2025-10-27,2,BUZZ④,,1,10039.0,520.0,17,0,クーリッシュイヤホン,1100.0,,,False,,,312,浜の町,★浜の町　クレーン売上表2026.xlsx
2025-10-27,3,BUZZ④,,1,12418.0,732.0,16,0,モンチッチマスコット,528.0,,,False,,,313,浜の町,★浜の町　クレーン売上表2026.xlsx
2025-10-27,4,BUZZ④,,1,10308.0,793.0,7,0,サンリオでかぱっちん,660.0,,,False,,,314,浜の町,★浜の町　クレーン売上表2026.xlsx
2025-11-01,1,BUZZ④,,1,8529.0,472.0,9,,デジタルミニカメラ,722.0,,,False,,,315,浜の町,★浜の町　クレーン売上表2026.xlsx
2025-11-01,2,BUZZ④,,1,10064.0,520.0,17,,クーリッシュイヤホン,1100.0,,,False,,,316,浜の町,★浜の町　クレーン売上表2026.xlsx
2025-11-01,3,BUZZ④,,1,12481.0,733.0,16,,モンチッチマスコット,528.0,,,False,,,317,浜の町,★浜の町　クレーン売上表2026.xlsx
2025-11-01,4,BUZZ④,,1,10329.0,793.0,7,,サンリオがま口ポーチ,660.0,,,False,,,318,浜の町,★浜の町　クレーン売上表2026.xlsx
2025-11-04,1,BUZZ④,,1,8565.0,472.0,9,,デジタルミニカメラ,722.0,,,False,,,319,浜の町,★浜の町　クレーン売上表2026.xlsx
2025-11-04,2,BUZZ④,,1,10085.0,520.0,17,,クーリッシュイヤホン,1100.0,,,False,,,320,浜の町,★浜の町　クレーン売上表2026.xlsx
2025-11-04,3,BUZZ④,,1,12488.0,733.0,16,,モンチッチマスコット,528.0,,,False,,,321,浜の町,★浜の町　クレーン売上表2026.xlsx
2025-11-04,4,BUZZ④,,1,10343.0,793.0,7,,サンリオがま口ポーチ,660.0,,,False,,,322,浜の町,★浜の町　クレーン売上表2026.xlsx
2025-11-07,1,BUZZ④,,1,8592.0,472.0,9,,デジタルミニカメラ,722.0,,,False,,,323,浜の町,★浜の町　クレーン売上表2026.xlsx
2025-11-07,2,BUZZ④,,1,10141.0,520.0,17,,クーリッシュイヤホン,1100.0,,,False,,,324,浜の町,★浜の町　クレーン売上表2026.xlsx
2025-11-07,3,BUZZ④,,1,12512.0,733.0,16,,モンチッチマスコット,528.0,,,False,,,325,浜の町,★浜の町　クレーン売上表2026.xlsx
2025-11-07,4,BUZZ④,,1,10381.0,793.0,7,,サンリオがま口ポーチ,660.0,,,False,,,326,浜の町,★浜の町　クレーン売上表2026.xlsx
2025-11-10,1,BUZZ④,,1,8620.0,472.0,9,0,デジタルミニカメラ,722.0,,,False,,,327,浜の町,★浜の町　クレーン売上表2026.xlsx
2025-11-10,2,BUZZ④,,1,10158.0,520.0,17,-3,クーリッシュイヤホン,1100.0,押忍番長ボイスボタン22.1.8.22,,False,,,328,浜の町,★浜の町　クレーン売上表2026.xlsx
2025-11-10,3,BUZZ④,,1,12522.0,734.0,15,-1,モンチッチマスコット,528.0,ラブブキーホルダー,,False,,,329,浜の町,★浜の町　クレーン売上表2026.xlsx
2025-11-10,4,BUZZ④,,1,10393.0,794.0,6,0,サンリオがま口ポーチ,660.0,,,False,,,330,浜の町,★浜の町　クレーン売上表2026.xlsx
2025-11-14,1,BUZZ④,,1,8654.0,472.0,9,0,デジタルミニカメラ,722.0,,,False,,,331,浜の町,★浜の町　クレーン売上表2026.xlsx
2025-11-14,2,BUZZ④,,1,10171.0,520.0,14,0,押忍番長ボイスボタン,1100.0,,,False,,,332,浜の町,★浜の町　クレーン売上表2026.xlsx
2025-11-14,3,BUZZ④,,1,12531.0,734.0,14,0,ラブブキーホルダー,528.0,,,False,,,333,浜の町,★浜の町　クレーン売上表2026.xlsx
2025-11-14,4,BUZZ④,,1,10394.0,794.0,6,0,サンリオがま口ポーチ,660.0,,,False,,,334,浜の町,★浜の町　クレーン売上表2026.xlsx
2025-11-19,1,BUZZ④,,1,8705.0,473.0,8,0,デジタルミニカメラ,722.0,,,False,,,335,浜の町,★浜の町　クレーン売上表2026.xlsx
2025-11-19,2,BUZZ④,,1,10200.0,520.0,14,0,押忍番長ボイスボタン,1100.0,,,False,,,336,浜の町,★浜の町　クレーン売上表2026.xlsx
2025-11-19,3,BUZZ④,,1,12548.0,734.0,14,0,ラブブキーホルダー,528.0,,,False,,,337,浜の町,★浜の町　クレーン売上表2026.xlsx
2025-11-19,4,BUZZ④,,1,10408.0,794.0,6,0,サンリオがま口ポーチ,660.0,,,False,,,338,浜の町,★浜の町　クレーン売上表2026.xlsx
2026-02-18,1,BUZZ④,,1,9209.0,,10,,キティシッポ付フェイスポーチ,825.0,,,False,,,225,浜の町,★浜の町　クレーン売上表2026.xlsx
2026-02-18,2,BUZZ④,,1,10690.0,,20,,番長ボタン,358.0,,,False,,,226,浜の町,★浜の町　クレーン売上表2026.xlsx
2026-02-18,3,BUZZ④,,1,12865.0,,15,,ギャルキティマスコット,638.0,,,False,,,227,浜の町,★浜の町　クレーン売上表2026.xlsx
2026-02-18,4,BUZZ④,,1,10804.0,,10,,キティフェイスがま口,550.0,,,False,,,228,浜の町,★浜の町　クレーン売上表2026.xlsx
2026-03-03,1,BUZZ④,,1,9400.0,525.0,6,,キティシッポ付フェイスポーチ,825.0,,,False,,,229,浜の町,★浜の町　クレーン売上表2026.xlsx
2026-03-03,2,BUZZ④,,1,10730.0,544.0,18,,番長ボタン,358.0,,,False,,,230,浜の町,★浜の町　クレーン売上表2026.xlsx
2026-03-03,3,BUZZ④,,1,12889.0,765.0,13,,ギャルキティマスコット,638.0,,,False,,,231,浜の町,★浜の町　クレーン売上表2026.xlsx
2026-03-03,4,BUZZ④,,1,10810.0,802.0,4,,キティフェイスがま口,550.0,,,False,,,232,浜の町,★浜の町　クレーン売上表2026.xlsx
2026-03-06,1,BUZZ④,,1,9406.0,526.0,5,3,キティシッポ付フェイスポーチ,825.0,,,False,,,233,浜の町,★浜の町　クレーン売上表2026.xlsx
2026-03-06,2,BUZZ④,,1,10747.0,545.0,17,0,番長ボタン,358.0,,,False,,,234,浜の町,★浜の町　クレーン売上表2026.xlsx
2026-03-06,3,BUZZ④,,1,12902.0,767.0,11,0,ギャルキティマスコット,638.0,,,False,,,235,浜の町,★浜の町　クレーン売上表2026.xlsx
2026-03-06,4,BUZZ④,,1,10827.0,803.0,3,9,キティフェイスがま口,550.0,シールバインダー　21.10.11,,False,,,236,浜の町,★浜の町　クレーン売上表2026.xlsx
2026-03-09,1,BUZZ④,,1,9442.0,526.0,8,0,キティシッポ付フェイスポーチ,825.0,,,False,,,237,浜の町,★浜の町　クレーン売上表2026.xlsx
2026-03-09,2,BUZZ④,,1,10752.0,546.0,16,-5,番長ボタン,358.0,しばこ16.6.8,,False,,,238,浜の町,★浜の町　クレーン売上表2026.xlsx
2026-03-09,3,BUZZ④,,1,12928.0,768.0,10,-2,ギャルキティマスコット,638.0,たまごっちマスコット21.5.7,,False,,,239,浜の町,★浜の町　クレーン売上表2026.xlsx
2026-03-09,4,BUZZ④,,1,10863.0,803.0,6,0,シールバインダー,330.0,21.9.11,,False,,,240,浜の町,★浜の町　クレーン売上表2026.xlsx
2026-03-10,1,BUZZ④,,1,9453.0,526.0,8,0,キティシッポ付フェイスポーチ,825.0,,,False,,,241,浜の町,★浜の町　クレーン売上表2026.xlsx
2026-03-10,2,BUZZ④,,1,10759.0,546.0,16,0,しばこ,358.0,,,False,,,242,浜の町,★浜の町　クレーン売上表2026.xlsx
2026-03-10,3,BUZZ④,,1,12929.0,768.0,10,0,たまごっちマスコット,1500.0,,,False,,,243,浜の町,★浜の町　クレーン売上表2026.xlsx
2026-03-10,4,BUZZ④,,1,10868.0,803.0,6,3,シールバインダー,330.0,,,False,,,244,浜の町,★浜の町　クレーン売上表2026.xlsx
2026-03-13,1,BUZZ④,,1,9461.0,527.0,7,0,キティシッポ付フェイスポーチ,825.0,,,False,,,245,浜の町,★浜の町　クレーン売上表2026.xlsx
2026-03-13,2,BUZZ④,,1,10783.0,547.0,10,6,しばこ,358.0,15.5.8,,False,,,246,浜の町,★浜の町　クレーン売上表2026.xlsx
2026-03-13,3,BUZZ④,,1,12941.0,768.0,8,0,たまごっちマスコット,1500.0,,,False,,,247,浜の町,★浜の町　クレーン売上表2026.xlsx
2026-03-13,4,BUZZ④,,1,10873.0,808.0,6,3,シールバインダー,330.0,21.8.11,,False,,,248,浜の町,★浜の町　クレーン売上表2026.xlsx
2026-03-16,1,BUZZ④,,1,9482.0,527.0,7,0,キティシッポ付フェイスポーチ,825.0,,,False,,,249,浜の町,★浜の町　クレーン売上表2026.xlsx
2026-03-16,2,BUZZ④,,1,10822.0,547.0,16,0,しばこ,358.0,,,False,,,250,浜の町,★浜の町　クレーン売上表2026.xlsx
2026-03-16,3,BUZZ④,,1,12974.0,769.0,7,0,たまごっちマスコット,1500.0,,,False,,,251,浜の町,★浜の町　クレーン売上表2026.xlsx
2026-03-16,4,BUZZ④,,1,10911.0,809.0,7,2,シールバインダー,330.0,,,False,,,252,浜の町,★浜の町　クレーン売上表2026.xlsx
2026-03-17,1,BUZZ④,,1,9492.0,527.0,7,,キティシッポ付フェイスポーチ,825.0,,,False,,,151,浜の町,★浜の町　クレーン売上表2026.xlsx
2026-03-17,1,BUZZ④,,1,9492.0,527.0,7,,キティシッポ付フェイスポーチ,825.0,,,False,,,253,浜の町,★浜の町　クレーン売上表2026.xlsx
2026-03-17,2,BUZZ④,,1,10826.0,547.0,16,,しばこ,358.0,,,False,,,152,浜の町,★浜の町　クレーン売上表2026.xlsx
2026-03-17,2,BUZZ④,,1,10826.0,547.0,16,,しばこ,358.0,,,False,,,254,浜の町,★浜の町　クレーン売上表2026.xlsx
2026-03-17,3,BUZZ④,,1,12980.0,769.0,7,,たまごっちマスコット,1500.0,,,False,,,153,浜の町,★浜の町　クレーン売上表2026.xlsx
2026-03-17,3,BUZZ④,,1,12980.0,769.0,7,,たまごっちマスコット,1500.0,,,False,,,255,浜の町,★浜の町　クレーン売上表2026.xlsx
2026-03-17,4,BUZZ④,,1,10916.0,809.0,9,,シールバインダー,330.0,,,False,,,154,浜の町,★浜の町　クレーン売上表2026.xlsx
2026-03-17,4,BUZZ④,,1,10916.0,809.0,9,,シールバインダー,330.0,,,False,,,256,浜の町,★浜の町　クレーン売上表2026.xlsx
2026-03-17,5,BUZZ④,,1,9503.0,527.0,7,0,キティシッポ付フェイスポーチ,825.0,,,True,possible_2nd_round,"booth=5 > 4 (machine=BUZZ④, area=None, tag=possible_2nd_round)",155,浜の町,★浜の町　クレーン売上表2026.xlsx
2026-03-17,6,BUZZ④,,1,10844.0,547.0,16,0,しばこ,358.0,液晶ミニカメラに変える？,,True,possible_2nd_round,"booth=6 > 4 (machine=BUZZ④, area=None, tag=possible_2nd_round)",156,浜の町,★浜の町　クレーン売上表2026.xlsx
2026-03-17,7,BUZZ④,,1,13028.0,769.0,7,0,たまごっちマスコット,1500.0,,,True,possible_2nd_round,"booth=7 > 4 (machine=BUZZ④, area=None, tag=possible_2nd_round)",157,浜の町,★浜の町　クレーン売上表2026.xlsx
2026-03-17,8,BUZZ④,,1,10929.0,810.0,8,1,シールバインダー,330.0,,,True,possible_2nd_round,"booth=8 > 4 (machine=BUZZ④, area=None, tag=possible_2nd_round)",158,浜の町,★浜の町　クレーン売上表2026.xlsx
2026-03-23,1,BUZZ④,,1,9510.0,527.0,7,-1,キティシッポ付フェイスポーチ,825.0,液晶ミニカメラ23.8.10,,False,,,159,浜の町,★浜の町　クレーン売上表2026.xlsx
2026-03-23,2,BUZZ④,,1,10894.0,547.0,16,-7,しばこ,358.0,ヒョウ柄キーケース22.7.8.22,,False,,,160,浜の町,★浜の町　クレーン売上表2026.xlsx
2026-03-23,3,BUZZ④,,1,13072.0,769.0,7,4,たまごっちマスコット,1500.0,,,False,,,161,浜の町,★浜の町　クレーン売上表2026.xlsx
2026-03-23,4,BUZZ④,,1,10967.0,810.0,9,0,シールバインダー,330.0,,,False,,,162,浜の町,★浜の町　クレーン売上表2026.xlsx
2026-03-27,1,BUZZ④,,1,9535.0,530.0,3,0,液晶ミニカメラ,825.0,22.8.9,,False,,,163,浜の町,★浜の町　クレーン売上表2026.xlsx
2026-03-27,2,BUZZ④,,1,10916.0,548.0,7,0,豹柄キーケース,358.0,,,False,,,164,浜の町,★浜の町　クレーン売上表2026.xlsx
2026-03-27,3,BUZZ④,,1,13084.0,770.0,7,0,たまごっちマスコット,1500.0,,,False,,,165,浜の町,★浜の町　クレーン売上表2026.xlsx
2026-03-27,4,BUZZ④,,1,10989.0,810.0,9,0,シールバインダー,330.0,,,False,,,166,浜の町,★浜の町　クレーン売上表2026.xlsx
2026-03-30,1,BUZZ④,,1,9556.0,530.0,3,0,液晶ミニカメラ,825.0,,,False,,,167,浜の町,★浜の町　クレーン売上表2026.xlsx
2026-03-30,2,BUZZ④,,1,10931.0,548.0,7,0,豹柄キーケース,358.0,,,False,,,168,浜の町,★浜の町　クレーン売上表2026.xlsx
2026-03-30,3,BUZZ④,,1,13093.0,770.0,7,0,たまごっちマスコット,1500.0,,,False,,,169,浜の町,★浜の町　クレーン売上表2026.xlsx
2026-03-30,4,BUZZ④,,1,10994.0,810.0,9,0,シールバインダー,330.0,,,False,,,170,浜の町,★浜の町　クレーン売上表2026.xlsx
2026-04-03,1,BUZZ④,,1,9605.0,530.0,3,0,液晶ミニカメラ,825.0,,,False,,,171,浜の町,★浜の町　クレーン売上表2026.xlsx
2026-04-03,2,BUZZ④,,1,10959.0,548.0,7,0,豹柄キーケース,358.0,,,False,,,172,浜の町,★浜の町　クレーン売上表2026.xlsx
2026-04-03,3,BUZZ④,,1,13103.0,770.0,7,28,たまごっちマスコット,1500.0,ふわもちミニスクイーズ15.5.6,,False,,,173,浜の町,★浜の町　クレーン売上表2026.xlsx
2026-04-03,4,BUZZ④,,1,11005.0,811.0,8,0,シールバインダー,330.0,次替える,,False,,,174,浜の町,★浜の町　クレーン売上表2026.xlsx
2026-04-06,1,BUZZ④,,1,9644.0,531.0,2,,液晶ミニカメラ,825.0,,,False,,,175,浜の町,★浜の町　クレーン売上表2026.xlsx
2026-04-06,2,BUZZ④,,1,10997.0,549.0,6,,豹柄キーケース,358.0,,,False,,,176,浜の町,★浜の町　クレーン売上表2026.xlsx
2026-04-06,3,BUZZ④,,1,13125.0,770.0,35,,ふわもちミニスクイーズ,99.0,背面の飾りも入れて70～80個は投入したい,,False,,,177,浜の町,★浜の町　クレーン売上表2026.xlsx
2026-04-06,4,BUZZ④,,1,11031.0,811.0,8,0,シールバインダー,330.0,,,False,,,178,浜の町,★浜の町　クレーン売上表2026.xlsx
2026-04-10,1,BUZZ④,,1,9662.0,531.0,2,0,液晶ミニカメラ,825.0,,,False,,,179,浜の町,★浜の町　クレーン売上表2026.xlsx
2026-04-10,2,BUZZ④,,1,11029.0,551.0,4,2,豹柄キーケース,358.0,,,False,,,180,浜の町,★浜の町　クレーン売上表2026.xlsx
2026-04-10,3,BUZZ④,,1,13130.0,770.0,35,0,ふわもちミニスクイーズ,99.0,,,False,,,181,浜の町,★浜の町　クレーン売上表2026.xlsx
2026-04-10,4,BUZZ④,,1,11037.0,811.0,7,0,シールバインダー,330.0,,,False,,,182,浜の町,★浜の町　クレーン売上表2026.xlsx
2026-04-13,1,BUZZ④,,1,9702.0,532.0,1,11,液晶ミニカメラ,825.0,サンリオカラビナ付きミニファン22.7.8,,False,,,183,浜の町,★浜の町　クレーン売上表2026.xlsx
2026-04-13,2,BUZZ④,,1,11056.0,553.0,4,5,豹柄キーケース,358.0,,,False,,,184,浜の町,★浜の町　クレーン売上表2026.xlsx
2026-04-13,3,BUZZ④,,1,13176.0,771.0,34,20,ふわもちミニスクイーズ,99.0,速度2.上部停止,,False,,,185,浜の町,★浜の町　クレーン売上表2026.xlsx
2026-04-13,4,BUZZ④,,1,11049.0,812.0,4,1,シールバインダー,330.0,21.8.9,,False,,,186,浜の町,★浜の町　クレーン売上表2026.xlsx
2026-04-18,1,BUZZ④,,1,9753.0,533.0,12,,サンリオカラビナ付きミニファン,1100.0,,,False,,,187,浜の町,★浜の町　クレーン売上表2026.xlsx
2026-04-18,2,BUZZ④,,1,11081.0,553.0,9,,豹柄キーケース,358.0,,,False,,,188,浜の町,★浜の町　クレーン売上表2026.xlsx
2026-04-18,3,BUZZ④,,1,13189.0,771.0,54,,ふわもちミニスクイーズ,99.0,15.6.7,,False,,,189,浜の町,★浜の町　クレーン売上表2026.xlsx
2026-04-18,4,BUZZ④,,1,11056.0,812.0,3,7,シールバインダー,330.0,キティ豹柄マスコット13.4.5,,False,,,190,浜の町,★浜の町　クレーン売上表2026.xlsx
2026-04-20,1,BUZZ④,,1,9779.0,534.0,11,2,サンリオカラビナ付きミニファン,1100.0,,,False,,,77,浜の町,★浜の町　クレーン売上表2026.xlsx
2026-04-20,2,BUZZ④,,1,11088.0,553.0,9,3,豹柄キーケース,,ジャグラーワイヤレスイヤホン22.7.10,,False,,,78,浜の町,★浜の町　クレーン売上表2026.xlsx
2026-04-20,3,BUZZ④,,1,13220.0,772.0,53,0,ふわもちミニスクイーズ,99.0,,,False,,,79,浜の町,★浜の町　クレーン売上表2026.xlsx
2026-04-20,4,BUZZ④,,1,11058.0,812.0,10,0,キティ豹柄マスコット,330.0,,,False,,,80,浜の町,★浜の町　クレーン売上表2026.xlsx
2026-04-24,1,BUZZ④,,1,9806.0,534.0,13,,サンリオカラビナ付きミニファン,1100.0,,,False,,,81,浜の町,★浜の町　クレーン売上表2026.xlsx
2026-04-24,2,BUZZ④,,1,11118.0,557.0,7,7,ジャグラーワイヤレスイヤホン,,21.7.9,,False,,,82,浜の町,★浜の町　クレーン売上表2026.xlsx
2026-04-24,3,BUZZ④,,1,13227.0,772.0,53,,ふわもちミニスクイーズ,99.0,16.6.7,,False,,,83,浜の町,★浜の町　クレーン売上表2026.xlsx
2026-04-24,4,BUZZ④,,1,11067.0,812.0,10,36,キティ豹柄マスコット,330.0,キティボールペン15.4.6,,False,,,84,浜の町,★浜の町　クレーン売上表2026.xlsx
2026-04-27,1,BUZZ④,,1,9889.0,535.0,11,2,サンリオカラビナ付きミニファン,1100.0,,,False,,,85,浜の町,★浜の町　クレーン売上表2026.xlsx
2026-04-27,2,BUZZ④,,1,11135.0,557.0,12,4,ジャグラーワイヤレスイヤホン,0.0,ドーナツスクイーズ21.6.6,,False,,,86,浜の町,★浜の町　クレーン売上表2026.xlsx
2026-04-27,3,BUZZ④,,1,13251.0,773.0,52,10,ふわもちミニスクイーズ,99.0,,,False,,,87,浜の町,★浜の町　クレーン売上表2026.xlsx
2026-04-27,4,BUZZ④,,1,11071.0,812.0,45,-33,キティボールペン,330.0,アンパンマン指人形20.6.7,,False,,,88,浜の町,★浜の町　クレーン売上表2026.xlsx
2026-05-01,1,BUZZ④,,1,9945.0,535.0,13,0,サンリオカラビナ付きミニファン,1100.0,,,False,,,89,浜の町,★浜の町　クレーン売上表2026.xlsx
2026-05-01,2,BUZZ④,,1,11151.0,557.0,16,0,ドーナツスクイーズ,0.0,,,False,,,90,浜の町,★浜の町　クレーン売上表2026.xlsx
2026-05-01,3,BUZZ④,,1,13272.0,774.0,61,0,ふわもちミニスクイーズ,99.0,,,False,,,91,浜の町,★浜の町　クレーン売上表2026.xlsx
2026-05-01,4,BUZZ④,,1,11091.0,812.0,12,0,アンパンマン指人形,330.0,,,False,,,92,浜の町,★浜の町　クレーン売上表2026.xlsx
2026-05-04,1,BUZZ④,,1,9965.0,536.0,12,0,サンリオカラビナ付きミニファン,1100.0,,,False,,,93,浜の町,★浜の町　クレーン売上表2026.xlsx
2026-05-04,2,BUZZ④,,1,11172.0,558.0,15,0,ドーナツスクイーズ,0.0,半熟玉子スクイーズ21.8.8,,False,,,94,浜の町,★浜の町　クレーン売上表2026.xlsx
2026-05-04,3,BUZZ④,,1,13309.0,775.0,60,0,ふわもちミニスクイーズ,99.0,,,False,,,95,浜の町,★浜の町　クレーン売上表2026.xlsx
2026-05-04,4,BUZZ④,,1,11095.0,812.0,12,-5,アンパンマン指人形,330.0,たまごっちカスタムキーリング24.9.9,,False,,,96,浜の町,★浜の町　クレーン売上表2026.xlsx
2026-05-08,1,BUZZ④,,1,10084.0,538.0,10,1,サンリオカラビナ付きミニファン,1100.0,,,False,,,97,浜の町,★浜の町　クレーン売上表2026.xlsx
2026-05-08,2,BUZZ④,,1,11178.0,559.0,14,-3,半熟玉子スクイーズ,170.0,ポケモンファスナーマスコット21.8.8,,False,,,98,浜の町,★浜の町　クレーン売上表2026.xlsx
2026-05-08,3,BUZZ④,,1,13336.0,776.0,59,0,ふわもちミニスクイーズ,99.0,,,False,,,99,浜の町,★浜の町　クレーン売上表2026.xlsx
2026-05-08,4,BUZZ④,,1,11116.0,816.0,3,3,たまごっちカスタムキーリング,640.0,23.7.7,,False,,,100,浜の町,★浜の町　クレーン売上表2026.xlsx
2026-05-11,1,BUZZ④,,1,10116.0,541.0,7,,サンリオカラビナ付きミニファン,1100.0,,,False,,,101,浜の町,★浜の町　クレーン売上表2026.xlsx
2026-05-11,2,BUZZ④,,1,11217.0,560.0,10,,ポケモンファスナーマスコット,170.0,,,False,,,102,浜の町,★浜の町　クレーン売上表2026.xlsx
2026-05-11,3,BUZZ④,,1,13357.0,777.0,58,,ふわもちミニスクイーズ,99.0,,,False,,,103,浜の町,★浜の町　クレーン売上表2026.xlsx
2026-05-11,4,BUZZ④,,1,11175.0,817.0,3,,たまごっちカスタムキーリング,640.0,カラビナ付きぬいぐるみファスナーマスコット22.9.9,,False,,,104,浜の町,★浜の町　クレーン売上表2026.xlsx
2026-05-15,1,BUZZ④,,1,10144.0,545.0,2,0,サンリオカラビナ付きミニファン,1100.0,,,False,,,105,浜の町,★浜の町　クレーン売上表2026.xlsx
2026-05-15,2,BUZZ④,,1,11225.0,560.0,10,0,ポケモンファスナーマスコット,170.0,,,False,,,106,浜の町,★浜の町　クレーン売上表2026.xlsx
2026-05-15,3,BUZZ④,,1,13383.0,778.0,57,13,ふわもちミニスクイーズ,99.0,とろみスクイーズ混ぜた,,False,,,107,浜の町,★浜の町　クレーン売上表2026.xlsx
2026-05-15,4,BUZZ④,,1,11218.0,818.0,8,0,キティフェイスMC,640.0,,,False,,,108,浜の町,★浜の町　クレーン売上表2026.xlsx
2026-05-18,1,BUZZ④,,1,10160.0,545.0,1,7,サンリオカラビナ付きミニファン,1100.0,,,False,,,3,浜の町,★浜の町　クレーン売上表2026.xlsx
2026-05-18,2,BUZZ④,,1,11230.0,561.0,9,0,ポケモンファスナーマスコット,170.0,,,False,,,4,浜の町,★浜の町　クレーン売上表2026.xlsx
2026-05-18,3,BUZZ④,,1,13420.0,779.0,69,0,ふわもちミニスクイーズ,99.0,,,False,,,5,浜の町,★浜の町　クレーン売上表2026.xlsx
2026-05-18,4,BUZZ④,,1,11249.0,819.0,7,1,キティフェイスMC,640.0,,,False,,,6,浜の町,★浜の町　クレーン売上表2026.xlsx
2026-05-22,1,BUZZ④,,1,10272.0,549.0,4,0,サンリオカラビナ付きミニファン,1100.0,,,False,,,7,浜の町,★浜の町　クレーン売上表2026.xlsx
2026-05-22,2,BUZZ④,,1,11256.0,561.0,9,0,ポケモンファスナーマスコット,170.0,,,False,,,8,浜の町,★浜の町　クレーン売上表2026.xlsx
2026-05-22,3,BUZZ④,,1,13432.0,779.0,69,0,ふわもちミニスクイーズ,99.0,,,False,,,9,浜の町,★浜の町　クレーン売上表2026.xlsx
2026-05-22,4,BUZZ④,,1,11268.0,819.0,8,0,キティフェイスMC,640.0,,,False,,,10,浜の町,★浜の町　クレーン売上表2026.xlsx
2026-05-25,1,BUZZ④,,1,10317.0,551.0,1,6,サンリオカラビナ付きミニファン,1100.0,,,False,,,11,浜の町,★浜の町　クレーン売上表2026.xlsx
2026-05-25,2,BUZZ④,,1,11271.0,563.0,7,5,ポケモンファスナーマスコット,170.0,ウォーターガン23.8.9シリコン2,,False,,,12,浜の町,★浜の町　クレーン売上表2026.xlsx
2026-05-25,3,BUZZ④,,1,13447.0,779.0,69,0,ふわもちミニスクイーズ,99.0,,,False,,,13,浜の町,★浜の町　クレーン売上表2026.xlsx
2026-05-25,4,BUZZ④,,1,11297.0,820.0,8,0,キティフェイスMC,640.0,,,False,,,14,浜の町,★浜の町　クレーン売上表2026.xlsx
